conversation_id_str,created_at,favorite_count,full_text,id_str,image_url,in_reply_to_screen_name,lang,quote_count,reply_count,retweet_count,tweet_url,user_id_str,username,date,member,generation
1491796491132092421,2025-06-15 04:09:13+00:00,0,[TikTok] from @.jkt48.ella.a: https://t.co/K82RyFuWLD https://t.co/qbXimYQWdn,1934100858226286870,https://pbs.twimg.com/ext_tw_video_thumb/1934100822125838336/pu/img/gwgz2oSHYNI0pys1.jpg,JktProcessing,in,0,0,0,https://x.com/undefined/status/1934100858226286870,926738378153799681,,2025-06-15,Ella,Gen 10
1488777496774397955,2025-06-13 07:35:46+00:00,0,[STORY] From jkt48.ella.a Thu 12 Jun 2025 22:16:41 https://t.co/vDUJmA3rUE,1933428063184019796,https://pbs.twimg.com/ext_tw_video_thumb/1933428052886962176/pu/img/IhAmjWdOXaHr-fDJ.jpg,JktProcessing,in,0,1,0,https://x.com/undefined/status/1933428063184019796,926738378153799681,,2025-06-13,Ella,Gen 10
1488777496774397955,2025-06-13 05:56:56+00:00,0,[STORY] From jkt48.ella.a Thu 12 Jun 2025 19:53:35 https://t.co/OQgoT45z5P,1933403192957809067,https://pbs.twimg.com/media/GtTT9IVawAAlKQ5.jpg,JktProcessing,in,0,1,0,https://x.com/undefined/status/1933403192957809067,926738378153799681,,2025-06-13,Ella,Gen 10
1931503475420283365,2025-06-08 00:08:08+00:00,1735,ella: tadi di bawah ada ka freya kan trus aku ambil semua freya: ko lu ambil semua sih kurang ajar banget @Freya_JKT48 @AM_EllaJKT48 @A_FionyJKT48 @A_MutheJKT48 https://t.co/7Ccwe5Na1V,1931503475420283365,https://pbs.twimg.com/amplify_video_thumb/1931503295572615170/img/hvrFbfsYqMsrPtF7.jpg,,in,0,2,177,https://x.com/undefined/status/1931503475420283365,1672579038064545793,,2025-06-08,Ella,Gen 10
1930928622698746081,2025-06-06 12:24:07+00:00,0,@A_FionyJKT48 @Freya_JKT48 CIEEEEEEEEEE @RFritzy_JKT48 NAKKK LIAT INI NAKK,1930963913635750107,,A_FionyJKT48,in,0,0,0,https://x.com/undefined/status/1930963913635750107,1767759623120150529,,2025-06-06,Ella,Gen 10
1929149524175704501,2025-06-02 17:37:45+00:00,0,@SarinE94876 @Freya_JKT48 @A_FionyJKT48 Gas ke yt JKT48 tv fiozee jagain ci Lia sama Ella dan masih banyak lagi,1929593293421400203,,SarinE94876,in,0,0,0,https://x.com/undefined/status/1929593293421400203,1524620978940440576,,2025-06-02,Ella,Gen 10
1491796491132092421,2025-06-01 07:54:13+00:00,0,[TikTok] from @.jkt48.ella.a: #.GOANDFIGHTJKT48 YEYY!! https://t.co/V0NgV534WH https://t.co/5wW0C5BLtR,1929084051392213477,https://pbs.twimg.com/ext_tw_video_thumb/1929084003702943747/pu/img/2YIrelFS3Vvx7sB1.jpg,JktProcessing,in,0,1,0,https://x.com/undefined/status/1929084051392213477,926738378153799681,,2025-06-01,Ella,Gen 10
1491796491132092421,2025-05-30 18:20:07+00:00,0,[TikTok] from @.jkt48.ella.a: SIAPA UDAH NONTON?!!! JKT48 SPECIAL PERFORMANCE VIDEO GO AND FIGHT! https://t.co/BzDAd9oqek https://t.co/SFGjggMLQt,1928516788511461769,https://pbs.twimg.com/ext_tw_video_thumb/1928516741967261696/pu/img/Keb8qCnwB8keVf73.jpg,JktProcessing,in,0,1,0,https://x.com/undefined/status/1928516788511461769,926738378153799681,,2025-05-30,Ella,Gen 10
1491796491132092421,2025-05-28 09:01:28+00:00,0,[TikTok] from @.jkt48.ella.a: 27 bulan mei https://t.co/H5awMjLwxA https://t.co/jBc7SOODey,1927651425070576106,https://pbs.twimg.com/ext_tw_video_thumb/1927651382808727553/pu/img/6JGX4Td1lcJB_xs9.jpg,JktProcessing,in,0,1,0,https://x.com/undefined/status/1927651425070576106,926738378153799681,,2025-05-28,Ella,Gen 10
1491796491132092421,2025-05-28 08:55:09+00:00,1,[TikTok] from @.jkt48.ella.a: @.Greesella Adhalia https://t.co/XXL0leVsc4 https://t.co/oIxKGVrVbR,1927649835433553932,https://pbs.twimg.com/ext_tw_video_thumb/1927649792286769152/pu/img/W9lS8cow5ixyM4RP.jpg,JktProcessing,in,0,1,0,https://x.com/undefined/status/1927649835433553932,926738378153799681,,2025-05-28,Ella,Gen 10
1687195819823484933,2025-05-28 08:42:41+00:00,1,[TikTok] from @.greeseljkt48: @.christy @.jkt48.ella.a https://t.co/GAB6z03L1z https://t.co/uQkTgZ6MwB,1927646699197251695,https://pbs.twimg.com/ext_tw_video_thumb/1927646656029495296/pu/img/jU0M-X6YygYnv2Ai.jpg,JktProcessing,in,0,1,1,https://x.com/undefined/status/1927646699197251695,926738378153799681,,2025-05-28,Ella,Gen 10
1488760257811988484,2025-05-28 02:05:31+00:00,0,[instagram] from jkt48.ella.a: Pangkal Pinang ! https://t.co/tqX8TvC8qU https://t.co/7EH6bzIUTO,1927546749343949277,https://pbs.twimg.com/ext_tw_video_thumb/1927546613238513665/pu/img/KXoEb6DUQZakrP1b.jpg,JktProcessing,in,0,0,0,https://x.com/undefined/status/1927546749343949277,926738378153799681,,2025-05-28,Ella,Gen 10
1927218935537009007,2025-05-27 07:36:55+00:00,0,@RFritzy_JKT48 @A_LuluJKT48 semangat ya gapapa sebentar doangg kok di tinggal nya,1927267760343490676,,RFritzy_JKT48,in,0,0,0,https://x.com/undefined/status/1927267760343490676,1767759623120150529,,2025-05-27,Ella,Gen 10
1491796491132092421,2025-05-27 05:24:42+00:00,2,[TikTok] from @.jkt48.ella.a: Jangan lupa nonton aku boxing di JKT48 SPECIAL PERFORMANCE VIDEO GO AND FIGHT! yaaa #.GOANDFIGHTJKT48 https://t.co/eNG5NDj8nX https://t.co/Qm0UR2BX6H,1927234485654872450,https://pbs.twimg.com/ext_tw_video_thumb/1927234443611185152/pu/img/O_NpDJMdPq0vF95M.jpg,JktProcessing,in,0,1,1,https://x.com/undefined/status/1927234485654872450,926738378153799681,,2025-05-27,Ella,Gen 10
1927226438865846300,2025-05-27 05:02:37+00:00,0,@moonrinabluu @SW_RaishaJKT48 @A_LuluJKT48 @AR_LanaJKT48 @RFritzy_JKT48 @A_FionyJKT48 @Freya_JKT48 keluarga dengan anak tunggal nya,1927228927094685826,,moonrinabluu,in,0,1,0,https://x.com/undefined/status/1927228927094685826,1767759623120150529,,2025-05-27,Ella,Gen 10
1926654837845880904,2025-05-26 02:38:17+00:00,0,@Freya_JKT48 @A_FionyJKT48 @RFritzy_JKT48 wkwkwk santai aja,1926830219513438411,,Freya_JKT48,in,0,0,0,https://x.com/undefined/status/1926830219513438411,1767759623120150529,,2025-05-26,Ella,Gen 10
1926732606575349825,2025-05-25 21:11:07+00:00,0,@raihanlazuardi7 @C_JessiJKT48 @Michie_JKT48 @S_GraciaJKT48 @A_VirgiJKT48 @AM_EllaJKT48 Klo kata Ella lah kocak ,1926747883081970152,,raihanlazuardi7,in,0,1,0,https://x.com/undefined/status/1926747883081970152,1711247898346913792,,2025-05-25,Ella,Gen 10
1926658827161677829,2025-05-25 15:38:00+00:00,0,@RFritzy_JKT48 @A_FionyJKT48 @Freya_JKT48 akhirnya selamat yaaa,1926664052127760555,,RFritzy_JKT48,in,0,0,0,https://x.com/undefined/status/1926664052127760555,1767759623120150529,,2025-05-25,Ella,Gen 10
1800930096024600975,2025-05-22 10:56:33+00:00,0,@AM_EllaJKT48 Kalo kata ella jkt48 mah alay itu namanya wkwkwk Ngerti kok ngerti . Semangat #AnswerElla @AM_EllaJKT48,1925506061106389436,,Muayad04,in,0,1,0,https://x.com/undefined/status/1925506061106389436,1305805076074700800,,2025-05-22,Ella,Gen 10
1491796491132092421,2025-05-21 09:34:44+00:00,1,[TikTok] from @.jkt48.ella.a: https://t.co/szLYrKrGZ4 https://t.co/dvwS0vl4S6,1925123081204560219,https://pbs.twimg.com/ext_tw_video_thumb/1925123032248668160/pu/img/_uZg5hcf3j-MOvJN.jpg,JktProcessing,in,0,1,1,https://x.com/undefined/status/1925123081204560219,926738378153799681,,2025-05-21,Ella,Gen 10
1922894032872648765,2025-05-15 05:57:17+00:00,9,pelawak berkedok idol percaya aja setiap orang meski gak oshiin Ella pasti bengek kalo liat tingkah dia moodbooster nya jkt48,1922894032872648765,,,in,0,0,0,https://x.com/undefined/status/1922894032872648765,1674416851915526152,,2025-05-15,Ella,Gen 10
1921944368379810298,2025-05-13 17:41:26+00:00,0,@yanuariant @AR_LanaJKT48 @Lily_JKT48 @A_VirgiJKT48 itu Ella ituu,1922346461682860315,,yanuariant,in,0,0,0,https://x.com/undefined/status/1922346461682860315,1759915844698836992,,2025-05-13,Ella,Gen 10
1491796491132092421,2025-05-12 04:30:50+00:00,0,[TikTok] from @.jkt48.ella.a: @.indira putri adyitttttt https://t.co/VmpveOP13w https://t.co/u19wDvu1Ur,1921785110812078459,https://pbs.twimg.com/ext_tw_video_thumb/1921785070211518464/pu/img/N6y-HQAh7dYDdtS8.jpg,JktProcessing,in,0,1,0,https://x.com/undefined/status/1921785110812078459,926738378153799681,,2025-05-12,Ella,Gen 10
1491796491132092421,2025-05-07 20:24:07+00:00,0,[TikTok] from @.jkt48.ella.a: jogett bolehhhh kulit kusam jangann!!! https://t.co/HXRFwbt2bW https://t.co/JiACotqvnN,1920213073576800609,https://pbs.twimg.com/ext_tw_video_thumb/1920213017478004736/pu/img/3LLpWTU3rOZHvsBL.jpg,JktProcessing,in,0,1,0,https://x.com/undefined/status/1920213073576800609,926738378153799681,,2025-05-07,Ella,Gen 10
1919361228792635863,2025-05-05 14:02:00+00:00,0,@A_FionyJKT48 @C_JessiJKT48 @Freya_JKT48 emang kalau kangen suka mancing mancing berantem ,1919392136274845851,,A_FionyJKT48,in,0,0,0,https://x.com/undefined/status/1919392136274845851,1767759623120150529,,2025-05-05,Ella,Gen 10
1491796491132092421,2025-05-05 09:31:13+00:00,2,[TikTok] from @.jkt48.ella.a: https://t.co/as1RvITdJt https://t.co/i7JDFtH4p3,1919323989492830394,https://pbs.twimg.com/ext_tw_video_thumb/1919323950674583552/pu/img/1RRYGSYXv2rLQMXE.jpg,JktProcessing,in,0,1,0,https://x.com/undefined/status/1919323989492830394,926738378153799681,,2025-05-05,Ella,Gen 10
1493998790759845888,2025-05-04 10:15:32+00:00,0,[TikTok] from @.jkt48.amanda.s: Bibiw ver. JJ ga sihh?? KWKWKWK Music by manda @.jkt48.ella.a https://t.co/eSZqUqhIVC https://t.co/9sak7X4Qzj,1918972755862798667,https://pbs.twimg.com/ext_tw_video_thumb/1918972718323830784/pu/img/AJmbazAILCtDcxkv.jpg,JktProcessing,in,0,1,0,https://x.com/undefined/status/1918972755862798667,926738378153799681,,2025-05-04,Ella,Gen 10
1918701240566903036,2025-05-03 16:24:05+00:00,0,@SP_IndiraJKT48 @Gracie_JKT48 Kirain sama ella lagi wkwkwk,1918703117769592885,,SP_IndiraJKT48,in,0,0,0,https://x.com/undefined/status/1918703117769592885,1305805076074700800,,2025-05-03,Ella,Gen 10
1918314434797470152,2025-05-03 00:30:53+00:00,6,@SW_RaishaJKT48 @Ribka_JKT48 @A_LuluJKT48 aduh kepencet,1918463237412266223,,SW_RaishaJKT48,in,0,0,0,https://x.com/undefined/status/1918463237412266223,1767759623120150529,,2025-05-03,Ella,Gen 10
1917628814211047782,2025-05-01 11:18:24+00:00,0,@A_FionyJKT48 @RFritzy_JKT48 PARAH KAMUU INI CEPP,1917901414095008025,,A_FionyJKT48,in,0,0,0,https://x.com/undefined/status/1917901414095008025,1767759623120150529,,2025-05-01,Ella,Gen 10
1488777496774397955,2025-04-28 17:27:04+00:00,0,[STORY] From jkt48.ella.a Mon 28 Apr 2025 10:30:29 https://t.co/E97g9fmsY0,1916907026766303261,https://pbs.twimg.com/ext_tw_video_thumb/1916906997028687872/pu/img/HTdCB-AHoMa12w7g.jpg,JktProcessing,in,0,1,0,https://x.com/undefined/status/1916907026766303261,926738378153799681,,2025-04-28,Ella,Gen 10
1915705553751597420,2025-04-25 10:41:06+00:00,27,@DomLica_ @A_ChristyJKT48 @C_JessiJKT48 @A_FionyJKT48 @A_MutheJKT48 @Freya_JKT48 @A_GitaJKT48 @S_GraciaJKT48 @L_MarshaJKT48 @AU_LiaJKT48 @A_LuluJKT48 @C_OnielJKT48 @C_IndahJKT48 ettt modus amat tuh mepet² yg lain biasa aja tuh https://t.co/yTXsS7hyrH,1915717698467631393,https://pbs.twimg.com/media/GpX_GAobYAE3Ija.jpg,DomLica_,in,0,0,2,https://x.com/undefined/status/1915717698467631393,1767759623120150529,,2025-04-25,Ella,Gen 10
1915717191988896073,2025-04-25 10:39:05+00:00,1,https://t.co/dgfe9c02qP Bantu ramein #jkt48 https://t.co/0yyZh2EkNy,1915717191988896073,https://pbs.twimg.com/ext_tw_video_thumb/1915717160632279040/pu/img/-vUKY3YQoxSGrtAb.jpg,,in,0,0,1,https://x.com/undefined/status/1915717191988896073,1607257811247071233,,2025-04-25,Ella,Gen 10
1914685241706651681,2025-04-23 20:14:22+00:00,0,@ranputrautama @Neyytln @vvotanet @_siscasaras_ @A_LuluJKT48 @I_KathrinaJKT48 @AM_EllaJKT48 @Gendis_JKT48 @DC_ChelseaJKT48 @Aralie_JKT48 @Ekin_JKT48 Lah Ella ace nya gen10 underrated gmn dah,1915137191401185408,,ranputrautama,in,0,0,0,https://x.com/undefined/status/1915137191401185408,1062734374779609089,,2025-04-23,Ella,Gen 10
1488777496774397955,2025-04-23 03:53:02+00:00,0,[STORY] From jkt48.ella.a Tue 22 Apr 2025 18:01:11 https://t.co/Vjlqyg3JDO,1914890229523341465,https://pbs.twimg.com/ext_tw_video_thumb/1914890196963012608/pu/img/od0BOOrwEQUQnSOs.jpg,JktProcessing,in,0,1,0,https://x.com/undefined/status/1914890229523341465,926738378153799681,,2025-04-23,Ella,Gen 10
1491796491132092421,2025-04-20 16:24:55+00:00,1,[TikTok] from @.jkt48.ella.a: hari hari gagal https://t.co/kVUmykD0tN https://t.co/RZht1JEED0,1913992284368154819,https://pbs.twimg.com/ext_tw_video_thumb/1913992237605928961/pu/img/Pjx4j-tzIKVxUJyi.jpg,JktProcessing,in,0,1,0,https://x.com/undefined/status/1913992284368154819,926738378153799681,,2025-04-20,Ella,Gen 10
1913656465711395308,2025-04-20 03:42:24+00:00,1,@DomLica_ @A_FionyJKT48 @Freya_JKT48 menyerang di saat tidur kalau bukan cepio pasti males angkat dia,1913800389864182056,,DomLica_,in,0,0,0,https://x.com/undefined/status/1913800389864182056,1767759623120150529,,2025-04-20,Ella,Gen 10
1488777496774397955,2025-04-20 01:27:09+00:00,1,[STORY] From jkt48.ella.a Sat 19 Apr 2025 21:56:34 https://t.co/gaEiqGLYCu,1913766353078780251,https://pbs.twimg.com/ext_tw_video_thumb/1913766327644491776/pu/img/ADlzxdR5m9qlQ5NS.jpg,JktProcessing,in,0,1,0,https://x.com/undefined/status/1913766353078780251,926738378153799681,,2025-04-20,Ella,Gen 10
1913453809445097702,2025-04-19 11:30:48+00:00,0,@starfess WHO IN JKT48? caught your attention first: Shani first oshi: Shani your oshi now: Cinhap Celine Gita Lily Shani Ondah Ella Marsha (maruk tp gpp) first mv you saw: Rapsodi atau heavy rotation(?) Lupa fav song: Lagu ghaib nya gen 4 a.k.a Salah dengar rock,1913555877824745644,,starfess,in,0,0,0,https://x.com/undefined/status/1913555877824745644,1601909608519344128,,2025-04-19,Ella,Gen 10
1913085543539523765,2025-04-18 07:27:23+00:00,1,@jaresopokui @Versi_Jelek @Greesel_JKT48 @A_FionyJKT48 @AM_EllaJKT48 Lumayan dapat si Ella ganteng ,1913132235936735739,,jaresopokui,in,0,0,0,https://x.com/undefined/status/1913132235936735739,1443302420864331777,,2025-04-18,Ella,Gen 10
1913085543539523765,2025-04-18 05:45:32+00:00,0,@Versi_Jelek @Greesel_JKT48 @A_FionyJKT48 @AM_EllaJKT48 pengen ella tapi gue gemini,1913106601516413027,,Versi_Jelek,in,0,0,0,https://x.com/undefined/status/1913106601516413027,1755371138556080128,,2025-04-18,Ella,Gen 10
1491766903710568448,2025-04-15 00:27:51+00:00,2,[TikTok] from @.jkt48.aurellia_: stecu stecu @.jkt48.ella.a https://t.co/9quFrLBk78 https://t.co/Z6mXczRWne,1911939489473401015,https://pbs.twimg.com/ext_tw_video_thumb/1911939431595917313/pu/img/mOx_MzRFwpyexVxo.jpg,JktProcessing,in,0,1,0,https://x.com/undefined/status/1911939489473401015,926738378153799681,,2025-04-15,Ella,Gen 10
1488777496774397955,2025-04-14 15:00:00+00:00,1,[STORY] From jkt48.ella.a Mon 14 Apr 2025 16:40:18 https://t.co/s0UGBA3xig,1911796587614847008,https://pbs.twimg.com/media/GogQ27yXcAAyZ1q.jpg,JktProcessing,in,0,1,0,https://x.com/undefined/status/1911796587614847008,926738378153799681,,2025-04-14,Ella,Gen 10
1488777496774397955,2025-04-14 14:20:59+00:00,0,[STORY] From jkt48.ella.a Mon 14 Apr 2025 15:00:36 https://t.co/PEz1HOIC8x,1911786768262914450,https://pbs.twimg.com/ext_tw_video_thumb/1911786742388043776/pu/img/-EhpKK8x2riMsT8h.jpg,JktProcessing,in,0,1,0,https://x.com/undefined/status/1911786768262914450,926738378153799681,,2025-04-14,Ella,Gen 10
1488777496774397955,2025-04-14 12:42:13+00:00,0,[STORY] From jkt48.ella.a Mon 14 Apr 2025 10:10:44 https://t.co/3M8lalX7V3,1911761912477700548,https://pbs.twimg.com/ext_tw_video_thumb/1911761891522703360/pu/img/LwW-M5l5IL9AWV52.jpg,JktProcessing,in,0,1,0,https://x.com/undefined/status/1911761912477700548,926738378153799681,,2025-04-14,Ella,Gen 10
1911414438286012907,2025-04-13 16:55:05+00:00,1,@RFritzy_JKT48 @AM_EllaJKT48 @AR_LanaJKT48 Kalo kak ella galak nangis aja ya dek,1911463160655348062,,RFritzy_JKT48,in,0,0,0,https://x.com/undefined/status/1911463160655348062,1305805076074700800,,2025-04-13,Ella,Gen 10
1911414438286012907,2025-04-13 13:55:17+00:00,2,@AM_EllaJKT48 @AR_LanaJKT48 @RFritzy_JKT48 Kak ella jangan galak galak ya,1911417912046297429,,AM_EllaJKT48,in,0,0,0,https://x.com/undefined/status/1911417912046297429,1305805076074700800,,2025-04-13,Ella,Gen 10
1488777496774397955,2025-04-13 09:39:00+00:00,0,[STORY] From jkt48.ella.a Sun 13 Apr 2025 15:32:38 https://t.co/XPTsH724I0,1911353415235477654,https://pbs.twimg.com/media/GoZ9y5DW0AAvqYG.jpg,JktProcessing,in,0,1,0,https://x.com/undefined/status/1911353415235477654,926738378153799681,,2025-04-13,Ella,Gen 10
1911132385896530210,2025-04-13 04:33:12+00:00,2,@ssaturrnneyss @CErine_JKT48 @A_GitaJKT48 @Gracie_JKT48 @Aralie_JKT48 @A_VirgiJKT48 @AR_LanaJKT48 keren lah vc erine apa dayaku yang cuma dapet ella. tipsal erine dong kakak cantik,1911276458989027723,,bleedsinred,in,0,0,0,https://x.com/undefined/status/1911276458989027723,1805638969268543488,,2025-04-13,Ella,Gen 10
1488777496774397955,2025-04-13 00:20:36+00:00,0,[STORY] From jkt48.ella.a Sat 12 Apr 2025 22:33:39 https://t.co/bjYfpgDwwP,1911212890654474607,https://pbs.twimg.com/media/GoX9_XyXIAA1igU.jpg,JktProcessing,in,0,1,0,https://x.com/undefined/status/1911212890654474607,926738378153799681,,2025-04-13,Ella,Gen 10
1488777496774397955,2025-04-13 00:09:01+00:00,0,[STORY] From jkt48.ella.a Sat 12 Apr 2025 21:53:05 https://t.co/hcysZmcVFF,1911209976586219756,https://pbs.twimg.com/media/GoX7V4AWwAALrT8.jpg,JktProcessing,in,0,1,0,https://x.com/undefined/status/1911209976586219756,926738378153799681,,2025-04-13,Ella,Gen 10
1911074284673614022,2025-04-12 15:09:51+00:00,0,-Di awal suka sama performance @M_OlineJKT48 @C_JessiJKT48 @SW_RaishaJKT48 @Michie_JKT48 @AM_EllaJKT48 sama @Greesel_JKT48 -Seperti biasa kelakuan Ella bikin yg nonton dan sekitarnya happy -Di M3 @A_MutheJKT48 dapet bgt menjiwai lagunya,1911074290495295621,,Qryon01,in,0,1,0,https://x.com/undefined/status/1911074290495295621,733607195992936448,,2025-04-12,Ella,Gen 10
1911032560253354326,2025-04-12 12:28:40+00:00,0, Gabriella JKT48 instagram : @.jkt48.ella.a twitter : @.AM_EllaJKT48 tiktok : @.jkt48.ella.a secreto vesha : https://t.co/jvnteeOTpX,1911033726659866992,,seraphimedeu,in,0,0,0,https://x.com/undefined/status/1911033726659866992,1902287853830467585,,2025-04-12,Ella,Gen 10
1908576017205358839,2025-04-06 02:41:07+00:00,0,@Prasthama_ @SP_IndiraJKT48 @A_VirgiJKT48 @Regie_JKT48 terima kasih banyak bang reza gian nya Indira Delim Gracie Lia Ella dan Virgi ayok minggu depan kita tuku bang reza,1908711538967667070,,Prasthama_,in,0,0,0,https://x.com/undefined/status/1908711538967667070,120982379,,2025-04-06,Ella,Gen 10
1488777496774397955,2025-04-05 22:34:57+00:00,0,[STORY] From jkt48.ella.a Sat 5 Apr 2025 23:14:38 https://t.co/wEuAfpWCgf,1908649586547449925,https://pbs.twimg.com/media/GnzirnvbYAU8DSi.jpg,JktProcessing,in,0,1,0,https://x.com/undefined/status/1908649586547449925,926738378153799681,,2025-04-05,Ella,Gen 10
1908500367375294663,2025-04-05 12:49:03+00:00,0,@grok @Michie_JKT48 @A_VirgiJKT48 @AA_AlyaJKT48 @Ekin_JKT48 @AM_EllaJKT48 Ekin bole lah apaan ella kalem san lembut,1908502142819983621,,grok,in,0,0,0,https://x.com/undefined/status/1908502142819983621,213695511,,2025-04-05,Ella,Gen 10
1907382952721621328,2025-04-04 14:10:35+00:00,0,@SW_RaishaJKT48 @A_LuluJKT48 @Aralie_JKT48 ga pernah fotbar tapi aku buatan sendiri bejibun ,1908160272390635986,,SW_RaishaJKT48,in,0,0,0,https://x.com/undefined/status/1908160272390635986,1767759623120150529,,2025-04-04,Ella,Gen 10
1907382952721621328,2025-04-04 14:09:36+00:00,1,@SW_RaishaJKT48 @A_LuluJKT48 @Aralie_JKT48 aku bangga atas keberaniannya mu maka dari itu aku harap pertemanan kalian makin dekat terimakasih telah mengeluarkan apa yg sebenernya ingin kamu ucapkan ,1908160026105040947,,SW_RaishaJKT48,in,0,0,0,https://x.com/undefined/status/1908160026105040947,1767759623120150529,,2025-04-04,Ella,Gen 10
1907382952721621328,2025-04-04 12:09:57+00:00,0,@PS_AmandaJKT48 @A_LuluJKT48 @SW_RaishaJKT48 @Aralie_JKT48 biasanya berdua ya tidur di luar karena sering di usir Indira sama lulu,1908129915037196543,,PS_AmandaJKT48,in,0,0,0,https://x.com/undefined/status/1908129915037196543,1767759623120150529,,2025-04-04,Ella,Gen 10
1907382952721621328,2025-04-04 12:09:17+00:00,0,@PS_AmandaJKT48 @A_LuluJKT48 @SW_RaishaJKT48 @Aralie_JKT48 wkwkwk waktunya pembalasan kah?,1908129746333859981,,PS_AmandaJKT48,in,0,0,0,https://x.com/undefined/status/1908129746333859981,1767759623120150529,,2025-04-04,Ella,Gen 10
1907382952721621328,2025-04-04 11:04:25+00:00,3,@PS_AmandaJKT48 @A_LuluJKT48 @SW_RaishaJKT48 @Aralie_JKT48 wkwkwk langsung gass,1908113420572086353,,PS_AmandaJKT48,in,0,0,0,https://x.com/undefined/status/1908113420572086353,1541051158567190528,,2025-04-04,Ella,Gen 10
1906381364217417959,2025-03-30 16:26:20+00:00,0,@A_VirgiJKT48 @Maira_JKT48 kamu gk bikin juga?,1906382493982597358,,A_VirgiJKT48,in,0,0,0,https://x.com/undefined/status/1906382493982597358,1897327113038135296,,2025-03-30,Ella,Gen 10
1905653440086507860,2025-03-29 01:34:01+00:00,3,@A_VirgiJKT48 @AM_EllaJKT48 Abis liat jkt48 school 1-4 gen 13 ternyata virgi adalah ella versi gen 13 sama2 ga punya malu dan alay,1905795550626406530,,A_VirgiJKT48,in,0,0,0,https://x.com/undefined/status/1905795550626406530,1384275581504684036,,2025-03-29,Ella,Gen 10
1905318654658707501,2025-03-28 15:15:46+00:00,0,@Freya_JKT48 @grok @grok a kamu di blok freya jkt48?,1905639960520392929,,Freya_JKT48,in,0,1,0,https://x.com/undefined/status/1905639960520392929,1692416515709239296,,2025-03-28,Ella,Gen 10
1488777496774397955,2025-03-28 03:50:45+00:00,0,[STORY] From jkt48.ella.a Thu 27 Mar 2025 22:23:59 https://t.co/vvIuNCvhmm,1905467572419723633,https://pbs.twimg.com/ext_tw_video_thumb/1905467555449634819/pu/img/PJ_ka-L7eT8rf_ub.jpg,JktProcessing,in,0,1,1,https://x.com/undefined/status/1905467572419723633,926738378153799681,,2025-03-28,Ella,Gen 10
1488777496774397955,2025-03-28 03:38:35+00:00,0,[STORY] From jkt48.ella.a Thu 27 Mar 2025 22:19:12 https://t.co/aZUIXiVjfs,1905464509273440631,https://pbs.twimg.com/media/GnGR3owbMAA89aI.jpg,JktProcessing,in,0,1,0,https://x.com/undefined/status/1905464509273440631,926738378153799681,,2025-03-28,Ella,Gen 10
1491796491132092421,2025-03-28 01:21:32+00:00,1,[TikTok] from @.jkt48.ella.a: https://t.co/On5BKC9Iah https://t.co/1oXdv1rl5F,1905430017603170406,https://pbs.twimg.com/ext_tw_video_thumb/1905429974271795200/pu/img/v_xm0hUJDV_cENuW.jpg,JktProcessing,in,0,1,0,https://x.com/undefined/status/1905430017603170406,926738378153799681,,2025-03-28,Ella,Gen 10
1491373319752658952,2025-03-28 00:57:32+00:00,1,[TikTok] from @.jkt48.indira.s: asik @.Orelli @.jkt48.ella.a @.raisha @.Mand @.Jesslyn Elly https://t.co/GFPCa8fhDm https://t.co/dbBHcGX3lv,1905423979416027550,https://pbs.twimg.com/ext_tw_video_thumb/1905423941692522497/pu/img/V8dBvi4Cmo578Rhe.jpg,JktProcessing,in,0,1,0,https://x.com/undefined/status/1905423979416027550,926738378153799681,,2025-03-28,Ella,Gen 10
1904877718011076893,2025-03-27 20:17:53+00:00,0,@nnnoooor7 @A_FionyJKT48 Berdasarkan aktivitas online kemungkinan besar kamu fans Fiony Alveria Tantri dari JKT48 dilihat dari seringnya mention dan interaksi. Ada juga tanda-tanda kamu suka Delynn dan Ella tapi kurang kuat dibanding Fiony. Data pasti sulit tapi Fiony paling menonjol!,1905353605369979051,,nnnoooor7,in,0,0,0,https://x.com/undefined/status/1905353605369979051,1720665183188922368,,2025-03-27,Ella,Gen 10
1905246791588835721,2025-03-27 13:18:19+00:00,1,@Leleeae Hai @Leleeae! Keren temenmu suka JKT48 dan mau oshi Ella meski udah punya tiga. Menurutku gapapa punya banyak oshi asal bisa bagi dukungan. Ella emang spesial berbakat nyanyi dan dansa kuliah di UNJ plus hits di IG (jkt48.ella.a). Saran aja mungkin fokus satu oshi buat,1905248016241484011,,Leleeae,in,0,1,0,https://x.com/undefined/status/1905248016241484011,1720665183188922368,,2025-03-27,Ella,Gen 10
1905140600820908165,2025-03-27 06:13:44+00:00,0,@RwpanK95108 Hai! Sepertinya oshimu di JKT48 adalah Astrella Virgiananda (Virgi @A_VirgiJKT48). Dari postinganmu di X tanggal 24-26 Maret 2025 kamu mention dia 10 kali dengan komentar positif seperti lucu bgt dan semaanngatt jauh lebih sering dibanding member lain seperti Ella yang https://t.co/wPh9xjZv01,1905141165806006546,https://pbs.twimg.com/media/Gmq59kbaMAAmRX2.jpg,RwpanK95108,in,1,0,0,https://x.com/undefined/status/1905141165806006546,1720665183188922368,,2025-03-27,Ella,Gen 10
1905124515794866598,2025-03-27 05:19:39+00:00,0,@GitaNagita5854 @A_VirgiJKT48 @Auwia_JKT48 @N_IntanJKT48 Nala Nachia Virgi dan Ella emang bener oshi kamu di JKT48! Nala dan Nachia dari gen 12 (trainee) Virgi gen 13 (trainee) sedangkan Ella gen 10 (member reguler). Ella jago nyanyi dan dansa lagi kuliah juga sementara Nala pernah gagal audisi gen 11 sebelum lolos. Keren ya,1905127557621575700,,GitaNagita5854,in,0,0,0,https://x.com/undefined/status/1905127557621575700,1720665183188922368,,2025-03-27,Ella,Gen 10
1905124515794866598,2025-03-27 05:14:35+00:00,0,@GitaNagita5854 @A_VirgiJKT48 @Auwia_JKT48 @N_IntanJKT48 Grok salah tebak oshi aku! Bukan Virgi Nachia Auwia Intan tapi Nala Nachia Virgi Ella. Nala &amp; Nachia dari Gen 12 (trainee) Virgi Gen 13 (trainee) Ella Gen 10 (member). Baru-baru ini Ella ulang tahun ke-18 Nala ke-16. Kocak banget prediksinya!,1905126281185800526,,GitaNagita5854,in,0,1,0,https://x.com/undefined/status/1905126281185800526,1720665183188922368,,2025-03-27,Ella,Gen 10
1905124515794866598,2025-03-27 05:12:30+00:00,0,@grok @A_VirgiJKT48 @Auwia_JKT48 @N_IntanJKT48 salah oshi aku tuh Nala nachia virgi Ella kocakk,1905125756155674962,,grok,in,0,1,0,https://x.com/undefined/status/1905125756155674962,1874974450959187968,,2025-03-27,Ella,Gen 10
1685179285903216640,2025-03-27 03:39:34+00:00,0,[TikTok] from @.alyajkt48: @.gracia jkt48 @.jkt48.ella.a @.Celline Thefani @.Cathleen @.Matcha @.hlsm @.Gendis Mayrannisa @.Desy Natalia @.Nayla Suji @.jkt48.trisha @.jkt48.l https://t.co/Aeji8bMOFw https://t.co/XilKJWOEYL,1905102368305447166,https://pbs.twimg.com/ext_tw_video_thumb/1905102330753937408/pu/img/NybkioRFL5JrsU5u.jpg,JktProcessing,in,0,1,0,https://x.com/undefined/status/1905102368305447166,926738378153799681,,2025-03-27,Ella,Gen 10
1687054966253633539,2025-03-27 01:09:03+00:00,0,[TikTok] from @.elinjkt48: Azekk @.gracia jkt48 @.hlsm @.Matcha @.jkt48.ella.a @.Desy Natalia @.Cathleen @.Alya Amanda @.Gendis Mayrannisa @.jkt48.trisha @.jkt48.lily @.Nayla https://t.co/zYfPmfJK4X https://t.co/PBRaUyQ8ih,1905064488266842357,https://pbs.twimg.com/ext_tw_video_thumb/1905064443060662272/pu/img/7cw3Aio4QVtDxmwu.jpg,JktProcessing,in,0,1,0,https://x.com/undefined/status/1905064488266842357,926738378153799681,,2025-03-27,Ella,Gen 10
1904877718011076893,2025-03-26 18:43:27+00:00,0,@nnnoooor7 @A_FionyJKT48 Menurut analisis kayaknya ente fans Fiony Alveria Tantri. Alasannya ente tag dia di thread sama Grok. Meski ada interaksi sama Delynn ( Boleeee ) dan mention Ella (bukan JKT48) bukti paling kuat ke Fiony. Tapi datanya belum pasti banget.,1904967448790528200,,nnnoooor7,in,0,1,0,https://x.com/undefined/status/1904967448790528200,1720665183188922368,,2025-03-26,Ella,Gen 10
1904941855240065448,2025-03-26 17:12:26+00:00,0,@athaaddo Berdasarkan postinganmu 5 member JKT48 yang cocok buatmu: 1. **A. Virgi** - Sering interaksi cocok humornya. 2. **Cornelia Vanisa (Oniel)** - Oshimu kamu kagum banget sama dia. 3. **Gabriela Abigail (Ella)** - Kamu suka energinya yang ceria. 4. **Shania Gracia,1904944546380739041,,athaaddo,in,0,0,0,https://x.com/undefined/status/1904944546380739041,1720665183188922368,,2025-03-26,Ella,Gen 10
1904901220751597750,2025-03-26 15:12:52+00:00,0,@ShineFiony @A_FionyJKT48 Fiony Alveria dari JKT48 layak disebut Ikon Pink Sejati berkat seringnya tampil dengan outfit pink dan image feminin yang kuat. Dari postingan Instagram hingga acara Ramadan 2025 seperti sahur 14 Maret ia menonjol dibanding Ella Marsha dan Feni yang juga pakai pink. https://t.co/GviLKjtGwO,1904914455525273897,https://pbs.twimg.com/media/Gmq5_TyagAAeXrQ.jpg,ShineFiony,in,0,0,0,https://x.com/undefined/status/1904914455525273897,1720665183188922368,,2025-03-26,Ella,Gen 10
1904898147601834167,2025-03-26 14:20:31+00:00,0,@DodiSaragi234 @AM_EllaJKT48 @A_VirgiJKT48 Boleh banget kak! Dukung Ella yang udah populer (992K followers award 2024) sama Virgi yang baru berkembang (101K followers energik). Fandom JKT48 biasanya fleksibel fans bisa suka banyak member. Ini bantu grup tumbuh dan kasih pengalaman seru. Ga ada aturan ketat jadi setia,1904901281145122862,,DodiSaragi234,in,0,1,0,https://x.com/undefined/status/1904901281145122862,1720665183188922368,,2025-03-26,Ella,Gen 10
1904861160857289047,2025-03-26 12:08:57+00:00,0,@Sliesteve Hai Steve! Berdasarkan postinganmu 3 member JKT48 yang cocok buatmu: 1. **AM Ella** - Hobinya dancing &amp; drawing cocok sama minatmu di cosplay apalagi kamu bilang kangen dia! 2. **A Fiony** - Aktif di medsos matching sama gaya kasualmu terutama soal Chatime. 3.,1904868173398093908,,Sliesteve,in,0,0,0,https://x.com/undefined/status/1904868173398093908,1720665183188922368,,2025-03-26,Ella,Gen 10
1904834548669845754,2025-03-26 11:16:42+00:00,0,@MuhamadZ54266 @A_LuluJKT48 @Maira_JKT48 Berdasarkan interaksi Daannee di X Lulu tampak paling cocok karena ada kekaguman kuat (pesan ulang tahun) dan kenyamanan kasual. Maira jadi pilihan kedua dengan interaksi sering dan santai menunjukkan kenyamanan. Ella kurang menonjol karena hanya ada satu postingan kekaguman https://t.co/u1m37c2mZt,1904855022891852279,https://pbs.twimg.com/media/Gmq5_TyagAAeXrQ.jpg,AjoZidane17,in,0,0,0,https://x.com/undefined/status/1904855022891852279,1720665183188922368,,2025-03-26,Ella,Gen 10
1904834548669845754,2025-03-26 10:00:37+00:00,0,@MuhamadZ54266 Berdasarkan postinganmu 3 member JKT48 yang cocok buatmu: 1. **Lulu (@A_LuluJKT48)** - Kamu sering bangga sama dia kayak ucapan ulang tahunmu yang penuh apresiasi. 2. **Maira (@Maira_JKT48)** - Interaksimu santai dan akrab nunjukin kenyamanan bareng dia. 3. **Ella,1904835876686868775,,AjoZidane17,in,1,1,0,https://x.com/undefined/status/1904835876686868775,1720665183188922368,,2025-03-26,Ella,Gen 10
1903835065714688086,2025-03-24 07:18:54+00:00,0,@A_FionyJKT48 @Freya_JKT48 Jadi inget ella waktu live,1904070401359307021,,A_FionyJKT48,in,0,0,0,https://x.com/undefined/status/1904070401359307021,1819689440908083200,,2025-03-24,Ella,Gen 10
1443476296395198465,2025-03-23 23:27:29+00:00,0,[TikTok] from @.marsha.jkt48: @.jkt48.ella.a @.gracia jkt48 https://t.co/Y5tP9JqGUh https://t.co/XuwScQYGEq,1903951765164405106,https://pbs.twimg.com/ext_tw_video_thumb/1903951720885198848/pu/img/iYN9tr2CDA9x5A0I.jpg,JktProcessing,in,0,1,1,https://x.com/undefined/status/1903951765164405106,926738378153799681,,2025-03-23,Ella,Gen 10
1903761193720037594,2025-03-23 10:50:13+00:00,2,Wts Photocard Tango x JKT48 Terbaru - Muthe (A T) - Christy (A) - Gracia (A N) - Ella (A N) - Jessi (A O) - Greesel (T O A) - Grup (T N O) 20k/PC nya Ready Via Shopee Boskuh https://t.co/FPAC9CvNyz Ready Juga Yang belum di buka juga DM aja #WTs https://t.co/VJSJambxQz,1903761193720037594,https://pbs.twimg.com/media/GmuEtv7agAAlQxf.jpg,,in,0,0,0,https://x.com/undefined/status/1903761193720037594,1678771112875003907,,2025-03-23,Ella,Gen 10
1902487158935757205,2025-03-21 14:48:41+00:00,0,ㅤㅤㅤ ㅤㅤㅤ #⃤IndahPrettyRoom #⃤24TahunTerindah From instagram jkt48.raisha.s jkt48.ella.a ️️️️ ️️ ️️️️ ️️ https://t.co/P8DnqvZmyp,1903096428941152428,https://pbs.twimg.com/media/GmkoHEpaEAYOO5x.jpg,indahcahyha,in,0,1,0,https://x.com/undefined/status/1903096428941152428,1471778916599664640,,2025-03-21,Ella,Gen 10
1903012305652289740,2025-03-21 09:14:24+00:00,0,Wts Photocard Tango x JKT48 Terbaru - Gracia (N) - Ella (A) - Muthe (T) - Gita (A) 20k/PC nya Ready Via Shopee Boskuh https://t.co/FPAC9CvNyz Ready Juga Yang belum di buka juga https://t.co/n674YAQwpK #WTs https://t.co/orjvafUuFM,1903012305652289740,https://pbs.twimg.com/media/GmjbmwEbQAAnoDr.jpg,,in,0,0,0,https://x.com/undefined/status/1903012305652289740,1678771112875003907,,2025-03-21,Ella,Gen 10
1903012000101437459,2025-03-21 09:13:11+00:00,0,Wts Photocard Tango x JKT48 Terbaru - Gracia (N) - Ella (A) - Muthe (T) - Gita (A) 20k/PC nya Ready Via Shopee Boskuh https://t.co/FPAC9CvNyz Ready Juga Yang belum di buka juga https://t.co/n674YAQwpK #WTs https://t.co/wsYttK561K,1903012000101437459,https://pbs.twimg.com/media/GmjbU9SaEAAAA_Q.jpg,,in,0,0,0,https://x.com/undefined/status/1903012000101437459,1678771112875003907,,2025-03-21,Ella,Gen 10
1902937025227182552,2025-03-21 05:42:15+00:00,0,@fariza0578 @ciipuuuyyy @ryu01414 @Giaa_JKT48 @Herdiansyah3114 @A_setiawan0 @RizaRiza611949 Ella virgi lia lana icel? Cuma 1? Lawakan macam apa ini,1902958914796392693,,fariza0578,in,0,0,0,https://x.com/undefined/status/1902958914796392693,1645463718602641408,,2025-03-21,Ella,Gen 10
1491796491132092421,2025-03-19 01:30:22+00:00,0,[TikTok] from @.jkt48.ella.a: velocity aja https://t.co/psNUOJdzHy https://t.co/gQEdjWgNdB,1902170752419557599,https://pbs.twimg.com/ext_tw_video_thumb/1902170710363271168/pu/img/vtpUUd8KEP5OD8rU.jpg,JktProcessing,in,0,1,0,https://x.com/undefined/status/1902170752419557599,926738378153799681,,2025-03-19,Ella,Gen 10
1491796491132092421,2025-03-19 01:24:29+00:00,0,[TikTok] from @.jkt48.ella.a: mbingunggghhh https://t.co/WFMFxcNX4T https://t.co/ohSIs4UJFl,1902169271696044204,https://pbs.twimg.com/ext_tw_video_thumb/1902169227391574016/pu/img/7JA2eYO_tWtHJvvb.jpg,JktProcessing,in,0,1,0,https://x.com/undefined/status/1902169271696044204,926738378153799681,,2025-03-19,Ella,Gen 10
1901884718955606354,2025-03-18 07:31:23+00:00,0,@C_IndahJKT48 @AM_EllaJKT48 @AU_LiaJKT48 @Greesel_JKT48 @I_KathrinaJKT48 @C_OnielJKT48 @Gracie_JKT48 @AR_LanaJKT48 @C_JessiJKT48 @A_ChristyJKT48 @A_MutheJKT48 Oke dari tim Fire Dimulai dari Indah yg jadi kiper alasannya adalah indah sosok senior yg bisa diandalkan dimana dia memberi ketenangan bagi para pemain didepannya Lalu untuk Back 4 Ada Ella &amp; lia yg lincah diletakkan dibagian wong &amp; bagian tengah di-isi dengan Icel &amp; Atin yg,1901899216399777890,,Anycocoa_,in,0,1,0,https://x.com/undefined/status/1901899216399777890,1251037974701019136,,2025-03-18,Ella,Gen 10
1901671117334692130,2025-03-18 03:06:10+00:00,0,@AM_EllaJKT48 @Greesel_JKT48 @L4_ella Ada yg nyangkut itu woe wkwkwk,1901832472490655759,,AM_EllaJKT48,in,0,0,0,https://x.com/undefined/status/1901832472490655759,1011030604689707008,,2025-03-18,Ella,Gen 10
1901671117334692130,2025-03-18 03:03:07+00:00,0,@AM_EllaJKT48 @Greesel_JKT48 @L4_ella Nyangkut wkwkk,1901831704400298441,,AM_EllaJKT48,in,0,0,0,https://x.com/undefined/status/1901831704400298441,1760273260259024896,,2025-03-18,Ella,Gen 10
1491796491132092421,2025-03-15 23:51:41+00:00,0,[TikTok] from @.jkt48.ella.a: bareng temen kantor @.oniel @.christy @.Greesella Adhalia https://t.co/MN6nP2ruiF https://t.co/26VEoxunwa,1901058753652490303,https://pbs.twimg.com/ext_tw_video_thumb/1901058704923148288/pu/img/erNWbg4Xae8zAFzG.jpg,JktProcessing,in,0,1,0,https://x.com/undefined/status/1901058753652490303,926738378153799681,,2025-03-15,Ella,Gen 10
1488777496774397955,2025-03-13 21:00:50+00:00,0,[STORY] From jkt48.ella.a Thu 13 Mar 2025 21:30:30 https://t.co/t32ZGNJX4t,1900290983033790650,https://pbs.twimg.com/ext_tw_video_thumb/1900290949130981376/pu/img/-qwq4mnZpxDavBUK.jpg,JktProcessing,in,0,1,0,https://x.com/undefined/status/1900290983033790650,926738378153799681,,2025-03-13,Ella,Gen 10
1488777496774397955,2025-03-13 16:39:14+00:00,0,[STORY] From jkt48.ella.a Thu 13 Mar 2025 18:37:12 https://t.co/4OI9XOvIjh,1900225149632442528,https://pbs.twimg.com/ext_tw_video_thumb/1900225123614887936/pu/img/H_bJ8CSeBdQ9-zHH.jpg,JktProcessing,in,0,1,0,https://x.com/undefined/status/1900225149632442528,926738378153799681,,2025-03-13,Ella,Gen 10
1899938359671431253,2025-03-13 11:38:26+00:00,0,@K_Rpost @A_VirgiJKT48 baru sadar dibalik kata astrella ada ella ,1900149449596494045,,K_Rpost,in,0,0,0,https://x.com/undefined/status/1900149449596494045,1751391774923505664,,2025-03-13,Ella,Gen 10
1491796491132092421,2025-03-12 23:15:20+00:00,0,[TikTok] from @.jkt48.ella.a: https://t.co/SOEmWXZkn5 https://t.co/qtixJqQPz3,1899962443331494309,https://pbs.twimg.com/ext_tw_video_thumb/1899962397454196737/pu/img/pWbKcy0oDnQMCOI7.jpg,JktProcessing,in,0,1,0,https://x.com/undefined/status/1899962443331494309,926738378153799681,,2025-03-12,Ella,Gen 10
1899803403074908545,2025-03-12 12:43:22+00:00,213,[Instagram] jkt48.ella.a Masya Allah Ukthi ️ https://t.co/kzbXcEGQgH,1899803403074908545,https://pbs.twimg.com/media/Gl11IH9WQAAv3xL.jpg,,in,0,1,18,https://x.com/undefined/status/1899803403074908545,1101357158581452800,,2025-03-12,Ella,Gen 10
1899617857979507013,2025-03-12 08:30:50+00:00,8,@dwikiyuniko_ @C_OnielJKT48 @C_IndahJKT48 @L_MarshaJKT48 @I_KathrinaJKT48 @M_OlineJKT48 @Ribka_JKT48 @Ekin_JKT48 @A_LuluJKT48 @F_OllaJKT48 @Greesel_JKT48 gaada yang mau adopsi ella. kasian itu sebatang kara :((,1899739851282629061,,dwikiyuniko_,in,0,1,0,https://x.com/undefined/status/1899739851282629061,1564545853,,2025-03-12,Ella,Gen 10
1491796491132092421,2025-03-12 01:03:39+00:00,0,[TikTok] from @.jkt48.ella.a: nonoonono https://t.co/JPkdjYWqVe https://t.co/2vsMyjyteH,1899627312825639398,https://pbs.twimg.com/ext_tw_video_thumb/1899627267917271040/pu/img/1YnTsYhZi82llT4j.jpg,JktProcessing,in,0,1,0,https://x.com/undefined/status/1899627312825639398,926738378153799681,,2025-03-12,Ella,Gen 10
1899485996796051477,2025-03-11 16:33:27+00:00,0,@AstadanKurama @Rilly_JKT48 @A_VirgiJKT48 Masalahnya bulan kemaren gua vc sama ella tapi ga vc sama nayla yu,1899498916607152460,,AstadanKurama,in,0,0,0,https://x.com/undefined/status/1899498916607152460,1604885410337161216,,2025-03-11,Ella,Gen 10
1899470944202379748,2025-03-11 14:42:18+00:00,17,Indira Christy Ella on JKT48 Digital Photobook Heart &amp; Harmony masyaallah cantik-cantiknya @SP_IndiraJKT48 @A_ChristyJKT48 @AM_EllaJKT48 https://t.co/up72PyO8IF,1899470944202379748,https://pbs.twimg.com/media/GlxGwP1aoAAjaLK.jpg,,in,0,1,1,https://x.com/undefined/status/1899470944202379748,1449310976130486272,,2025-03-11,Ella,Gen 10
1899067698727854550,2025-03-10 12:01:57+00:00,0,@A_VirgiJKT48 Alay adalah proses untuk menjadi anggun -ella JKT48,1899068205777473690,,A_VirgiJKT48,in,0,0,0,https://x.com/undefined/status/1899068205777473690,1645920141631447041,,2025-03-10,Ella,Gen 10
1898859442139185376,2025-03-10 11:42:46+00:00,0,@kkabuel @Freya_JKT48 @A_FionyJKT48 @C_JessiJKT48 @F_OllaJKT48 @FreyanationID @Symfiony @C_Jessination48 @Olla_TheMiracle wkwkwk udh lupa emang sama gen sendiri kaya nya,1899063376686534721,,kkabuel,in,0,0,0,https://x.com/undefined/status/1899063376686534721,1767759623120150529,,2025-03-10,Ella,Gen 10
1898153977814171798,2025-03-08 17:27:38+00:00,0,@DNrpdlh @C_OnielJKT48 @Freya_JKT48 @H_EliJKT48 @A_LuluJKT48 @Gendis_JKT48 @Greesel_JKT48 @Regie_JKT48 @Aralie_JKT48 @CErine_JKT48 @Y_CynthiaJKT48 @SE_LynJKT48 @AM_EllaJKT48 Ella lu tengil bgtt laa,1898425390164738259,,DNrpdlh,in,0,0,0,https://x.com/undefined/status/1898425390164738259,1256634563939319808,,2025-03-08,Ella,Gen 10
1898380047779790911,2025-03-08 14:27:28+00:00,0,@Freya_JKT48: Kanjeng Gusti dan tukang sobrut ⌚️‍ @A_FionyJKT48: Asisten Kanjeng dan Boge ‍‍ @C_JessiJKT48: Copywriter asoy bawahan Ella @F_OllaJKT48: Pemilik Wartak yang tercanceled ‍️ Dimainkan dengan baik dan sangat menghibur Terima kasih! #CaturAstaJKT48,1898380047779790911,,Freya_JKT48,in,0,0,0,https://x.com/undefined/status/1898380047779790911,275514632,,2025-03-08,Ella,Gen 10
1898375204075929861,2025-03-08 14:19:13+00:00,1,@DomLica_ @A_FionyJKT48 @A_ChristyJKT48 @Greesel_JKT48 @H_EliJKT48 Baju ella di svp ya itu yg dipake lia,1898377973092503716,,DomLica_,in,0,0,0,https://x.com/undefined/status/1898377973092503716,1072766382985465856,,2025-03-08,Ella,Gen 10
1898010396688367723,2025-03-08 00:51:40+00:00,0,@Misgi103 Ella JKT48 a member of the Indonesian idol group JKT48 is known for her singing and dancing talents part of Generation 10. Here's a pantun for her: Bintang malam bersinar terang di langit biru begitu indah. Ella JKT48 menyanyikan lagu suara merdu membuat kagum semua. ,1898174745402564686,,Misgi103,in,0,1,0,https://x.com/undefined/status/1898174745402564686,1720665183188922368,,2025-03-08,Ella,Gen 10
1896560259801759992,2025-03-05 01:53:50+00:00,0,@nocontextflora @S_FloraJKT48 @Freya_JKT48 @A_LuluJKT48 @F_OllaJKT48 Sebagai pecinta film keknya muka flora layak banget muncul di layar bioskop indonesia! Mukanyatu artis banget,1897103226723524921,,nocontextflora,in,0,0,0,https://x.com/undefined/status/1897103226723524921,1721205247190953984,,2025-03-05,Ella,Gen 10
1896709514151498191,2025-03-03 23:49:21+00:00,0,@AM_EllaJKT48 @SP_IndiraJKT48 @Gracie_JKT48 @Y_CynthiaJKT48 @CErine_JKT48 @M_MikaelaJKT48 @A_VirgiJKT48 Mohon Doa dan Dukungannya Wahai Orang yang kudukung dan kusukai Tapi ketahuilah Oshiku itu Hanya Kak Ci Ella Bismillah Sempro,1896709514151498191,,AM_EllaJKT48,in,0,0,0,https://x.com/undefined/status/1896709514151498191,1666728085239238657,,2025-03-03,Ella,Gen 10
1491796491132092421,2025-03-03 00:21:08+00:00,0,[TikTok] from @.jkt48.ella.a: SAHURRRRRRR https://t.co/SzcNSJNE1c https://t.co/nTEqC0ZcIR,1896355124236488903,https://pbs.twimg.com/ext_tw_video_thumb/1896355079491354624/pu/img/DJCpBH-xfs7ixTqS.jpg,JktProcessing,in,0,1,1,https://x.com/undefined/status/1896355124236488903,926738378153799681,,2025-03-03,Ella,Gen 10
1895819959605006361,2025-03-02 07:32:19+00:00,0,@EditanJeketi @AM_EllaJKT48 @Maira_JKT48 @A_VirgiJKT48 @Humainiora_ID @Astralux_OFC yang ada Ella join ,1896101245326409883,,,in,0,0,0,https://x.com/undefined/status/1896101245326409883,1661388800637952002,,2025-03-02,Ella,Gen 10
1895819959605006361,2025-03-01 20:47:11+00:00,0,@EditanJeketi @AM_EllaJKT48 @Maira_JKT48 @A_VirgiJKT48 @Humainiora_ID @Astralux_OFC Nangis euy si Ella Ella itu teh,1895938894514045088,,,in,0,0,0,https://x.com/undefined/status/1895938894514045088,1794621330547249152,,2025-03-01,Ella,Gen 10
1895819959605006361,2025-03-01 14:45:03+00:00,0,@EditanJeketi @AM_EllaJKT48 @Maira_JKT48 @A_VirgiJKT48 @Humainiora_ID @Astralux_OFC Buk jangan nangis buk @AM_EllaJKT48,1895847756771758389,,,in,0,0,0,https://x.com/undefined/status/1895847756771758389,1786740045787082753,,2025-03-01,Ella,Gen 10
1895695988507262980,2025-03-01 06:43:51+00:00,0,@Auwia_JKT48 @A_VirgiJKT48 YEUUU ga puasa yeuu ketauan jangan mokel,1895726662131859661,,Auwia_JKT48,in,0,0,0,https://x.com/undefined/status/1895726662131859661,1767759623120150529,,2025-03-01,Ella,Gen 10
1895444306229702815,2025-03-01 01:56:57+00:00,0,@N_IntanJKT48 @Auwia_JKT48 @A_VirgiJKT48 SABAR SABAR PUASA,1895654459952542170,,N_IntanJKT48,in,0,0,0,https://x.com/undefined/status/1895654459952542170,1767759623120150529,,2025-03-01,Ella,Gen 10
1491766903710568448,2025-02-28 19:23:44+00:00,0,[TikTok] from @.jkt48.aurellia_: well@.indira putri @.jkt48.ella.a https://t.co/wXcfnqk0Iy https://t.co/BSKlatLoDn,1895555502404485620,https://pbs.twimg.com/ext_tw_video_thumb/1895555460583092224/pu/img/gt0dNyEErb4A7MV4.jpg,JktProcessing,in,0,1,0,https://x.com/undefined/status/1895555502404485620,926738378153799681,,2025-02-28,Ella,Gen 10
1895489442787512831,2025-02-28 15:35:44+00:00,0,@officialJKT48 Daaaamn! VOCAL QUEEN Ini Trainee harus ada loh kya @Rilly_JKT48 &amp; @Aralie_JKT48 . Btw pnasaran warna suara @A_VirgiJKT48 @Auwia_JKT48 jga khas bgt oke ga ya klo nyanyi? of course Ella Grisel gendish,1895498123956592919,,officialJKT48,in,0,0,0,https://x.com/undefined/status/1895498123956592919,1442201351606263815,,2025-02-28,Ella,Gen 10
1488777496774397955,2025-02-28 08:29:47+00:00,0,[STORY] From jkt48.ella.a Fri 28 Feb 2025 11:18:02 https://t.co/n3JlSVHHIp,1895390930318074105,https://pbs.twimg.com/media/Gk3IADkbYAEBdK_.jpg,JktProcessing,in,0,1,0,https://x.com/undefined/status/1895390930318074105,926738378153799681,,2025-02-28,Ella,Gen 10
1895275173294809357,2025-02-28 06:14:16+00:00,0,@AkmalNr27 @A_FionyJKT48 @Freya_JKT48 @Symfiony @FreyanationID Ini di upload dimana ya showroom kah?,1895356827510137126,,AkmalNr27,in,0,0,0,https://x.com/undefined/status/1895356827510137126,1721205247190953984,,2025-02-28,Ella,Gen 10
1760938460955734478,2025-02-28 02:27:55+00:00,0,[TikTok] from @.jkt48.delynn: @.jkt48.ella.a https://t.co/rovBm0Ndfz https://t.co/xpsqYCz3BB,1895299867263803818,https://pbs.twimg.com/ext_tw_video_thumb/1895299813002133504/pu/img/AnEAVzNgaQJZjK3q.jpg,JktProcessing,in,0,1,1,https://x.com/undefined/status/1895299867263803818,926738378153799681,,2025-02-28,Ella,Gen 10
1488777496774397955,2025-02-23 22:09:01+00:00,0,[STORY] From jkt48.ella.a Sun 23 Feb 2025 12:50:12 https://t.co/aSAlfHgyNo,1893785158421012914,https://pbs.twimg.com/ext_tw_video_thumb/1893785135952146432/pu/img/PJVP3vAxoSNfST1t.jpg,JktProcessing,in,0,1,0,https://x.com/undefined/status/1893785158421012914,926738378153799681,,2025-02-23,Ella,Gen 10
1488777496774397955,2025-02-23 22:05:05+00:00,0,[STORY] From jkt48.ella.a Sun 23 Feb 2025 12:49:58 https://t.co/7k1oWN8QLv,1893784170523959689,https://pbs.twimg.com/ext_tw_video_thumb/1893784140912218112/pu/img/PYCid8Dkp9ZW20ox.jpg,JktProcessing,in,0,1,0,https://x.com/undefined/status/1893784170523959689,926738378153799681,,2025-02-23,Ella,Gen 10
1488777496774397955,2025-02-23 12:50:40+00:00,2,[STORY] From jkt48.ella.a Sat 22 Feb 2025 22:09:56 https://t.co/gksElFTH19,1893644646485545213,https://pbs.twimg.com/media/GkeTw4zWoAAyb26.jpg,JktProcessing,in,0,1,0,https://x.com/undefined/status/1893644646485545213,926738378153799681,,2025-02-23,Ella,Gen 10
1488777496774397955,2025-02-23 12:45:12+00:00,0,[STORY] From jkt48.ella.a Sat 22 Feb 2025 22:08:42 https://t.co/n48sYXAfou,1893643271248691671,https://pbs.twimg.com/ext_tw_video_thumb/1893643249363091456/pu/img/NNvf5GbrXmg3Ffy-.jpg,JktProcessing,in,0,1,0,https://x.com/undefined/status/1893643271248691671,926738378153799681,,2025-02-23,Ella,Gen 10
1488760257811988484,2025-02-23 06:14:03+00:00,1,[instagram] from jkt48.ella.a: Udah denger belum soal Deck terbaru Starter Deck ex Ganda Generations ? Aku udah beli nih dan aku dapet Deck dari Daerah Kanto yang dari generasi Pertama! Langsung https://t.co/S1BYrojsgo https://t.co/CqFwhxfYzR,1893544833211400633,https://pbs.twimg.com/media/Gkc4926aUAAlYTp.jpg,JktProcessing,in,0,1,0,https://x.com/undefined/status/1893544833211400633,926738378153799681,,2025-02-23,Ella,Gen 10
1491796491132092421,2025-02-23 01:12:39+00:00,0,[TikTok] from @.jkt48.ella.a: jangann LUPAA NONTON MV JKT48 di youtube ofc #.BibirYangTelahDiCuri https://t.co/s4BfRMgT5l https://t.co/DRVwB6AghA,1893468985775268343,https://pbs.twimg.com/ext_tw_video_thumb/1893468910953078785/pu/img/XpAens8KD-ack0Mw.jpg,JktProcessing,in,0,1,0,https://x.com/undefined/status/1893468985775268343,926738378153799681,,2025-02-23,Ella,Gen 10
1491796491132092421,2025-02-23 00:06:47+00:00,1,[TikTok] from @.jkt48.ella.a: swag https://t.co/KqqpJoNtAE https://t.co/0uTEUOBYaV,1893452407020925433,https://pbs.twimg.com/ext_tw_video_thumb/1893452350435577856/pu/img/aFSoSB6QGTLxZROH.jpg,JktProcessing,in,0,1,0,https://x.com/undefined/status/1893452407020925433,926738378153799681,,2025-02-23,Ella,Gen 10
1886503499388870674,2025-02-22 10:06:32+00:00,0,@Freya_JKT48 @AM_EllaJKT48 @Regie_JKT48 @AR_LanaJKT48 @CErine_JKT48 @Nala_JKT48 @Levi_JKT48 @A_VirgiJKT48 punya ella fix? tidak tahu https://t.co/att1CU2P12,1893240954389245976,https://pbs.twimg.com/media/GkYklI-WMAA_JH5.jpg,snezzzin48,in,0,1,0,https://x.com/undefined/status/1893240954389245976,1761111330436853760,,2025-02-22,Ella,Gen 10
1886503499388870674,2025-02-22 09:26:47+00:00,0,@Freya_JKT48 @AM_EllaJKT48 @Regie_JKT48 @AR_LanaJKT48 @CErine_JKT48 @Nala_JKT48 @Levi_JKT48 @A_VirgiJKT48 ella kayaknya nanti di ganti punya freya &amp; regie udh fix paling punya freya nanti direvisi dikit punya regie udh fix pake banget. apa samaain semua kaya punya regie ya? https://t.co/kpQLGE2BID,1893230949027946810,https://pbs.twimg.com/media/GkYbdHDWUAAvw95.jpg,snezzzin48,in,0,1,0,https://x.com/undefined/status/1893230949027946810,1761111330436853760,,2025-02-22,Ella,Gen 10
1488777496774397955,2025-02-22 05:30:08+00:00,0,[STORY] From jkt48.ella.a Fri 21 Feb 2025 23:35:37 https://t.co/wyIc0XLrnI,1893171394290364431,https://pbs.twimg.com/media/GkXlV-gaoAEGgjY.jpg,JktProcessing,in,0,1,0,https://x.com/undefined/status/1893171394290364431,926738378153799681,,2025-02-22,Ella,Gen 10
1488760257811988484,2025-02-21 03:41:25+00:00,1,[instagram] from jkt48.ella.a: Sebagai remaja aktif ada aja deh kejadian-kejadian yang dialamin sama Ella dan Gaby selama kuliah Untungnya ada Cica &amp;amp; Mugwort Teen Skincare Collection baru nih b https://t.co/nM1zu8U5oY https://t.co/qDwKFVGRN0,1892781646778191993,https://pbs.twimg.com/ext_tw_video_thumb/1892781547574743046/pu/img/-4FqbDXuC4lQxqNW.jpg,JktProcessing,in,0,1,0,https://x.com/undefined/status/1892781646778191993,926738378153799681,,2025-02-21,Ella,Gen 10
1677120700849745920,2025-02-20 06:28:56+00:00,2,[threads] from jkt48.ella.a: Sebagai remaja aktif ada aja deh kejadian-kejadian yang dialamin sama Ella dan Gaby selama kuliah Untungnya ada Cica &amp; Mugwort Teen Skincare Collection baru nih buat ngema https://t.co/ftXXJfueCS https://t.co/9Rw9h6KuG1,1892461415052484998,https://pbs.twimg.com/ext_tw_video_thumb/1892461299050954752/pu/img/BuKEeYiE6SnOn5RQ.jpg,JktProcessing,in,0,0,0,https://x.com/undefined/status/1892461415052484998,926738378153799681,,2025-02-20,Ella,Gen 10
1488777496774397955,2025-02-19 06:26:43+00:00,0,[STORY] From jkt48.ella.a Tue 18 Feb 2025 23:21:56 https://t.co/us7fj2OJRb,1892098468925088103,https://pbs.twimg.com/media/GkIVhoTaAAQQHoV.jpg,JktProcessing,in,0,1,0,https://x.com/undefined/status/1892098468925088103,926738378153799681,,2025-02-19,Ella,Gen 10
1488777496774397955,2025-02-19 06:08:48+00:00,0,[STORY] From jkt48.ella.a Tue 18 Feb 2025 22:50:28 https://t.co/nGG0H9hKUJ,1892093962346955205,https://pbs.twimg.com/media/GkIRbRWaAAIphIs.jpg,JktProcessing,in,0,1,0,https://x.com/undefined/status/1892093962346955205,926738378153799681,,2025-02-19,Ella,Gen 10
1488777496774397955,2025-02-19 06:05:47+00:00,0,[STORY] From jkt48.ella.a Tue 18 Feb 2025 22:50:16 https://t.co/8CBvCZ7Lo2,1892093203660038587,https://pbs.twimg.com/ext_tw_video_thumb/1892093182197796864/pu/img/YQIPJWunk0Zi3ejs.jpg,JktProcessing,in,0,1,0,https://x.com/undefined/status/1892093203660038587,926738378153799681,,2025-02-19,Ella,Gen 10
1488777496774397955,2025-02-19 04:38:40+00:00,0,[STORY] From jkt48.ella.a Tue 18 Feb 2025 22:31:31 https://t.co/wIweVOwEyT,1892071279181631595,https://pbs.twimg.com/media/GkH8y_eaAAQljbt.jpg,JktProcessing,in,0,1,0,https://x.com/undefined/status/1892071279181631595,926738378153799681,,2025-02-19,Ella,Gen 10
1488777496774397955,2025-02-19 04:35:40+00:00,0,[STORY] From jkt48.ella.a Tue 18 Feb 2025 22:31:24 https://t.co/zfmNu4HWBg,1892070522818621837,https://pbs.twimg.com/media/GkH8G8kacAAj4rK.jpg,JktProcessing,in,0,1,0,https://x.com/undefined/status/1892070522818621837,926738378153799681,,2025-02-19,Ella,Gen 10
1891857261984698765,2025-02-19 04:25:50+00:00,1,@akbar_hs1 @DanangP_13 @SNayla_JKT48 Parah nay jak akbar vc kak ella 2 kali tuh sama kamu gk sama sekali....‍️‍️,1892068047541641283,,akbar_hs1,in,0,1,0,https://x.com/undefined/status/1892068047541641283,2342985188,,2025-02-19,Ella,Gen 10
1488777496774397955,2025-02-18 15:17:57+00:00,0,[STORY] From jkt48.ella.a Tue 18 Feb 2025 18:24:15 https://t.co/ZyhK8BjGIu,1891869773660651979,https://pbs.twimg.com/ext_tw_video_thumb/1891869743558402048/pu/img/3Hc7HhOKKbr18rp4.jpg,JktProcessing,in,0,1,0,https://x.com/undefined/status/1891869773660651979,926738378153799681,,2025-02-18,Ella,Gen 10
1488777496774397955,2025-02-18 14:45:06+00:00,2,[STORY] From jkt48.ella.a Tue 18 Feb 2025 16:18:59 https://t.co/niJYOvVr3f,1891861504892272784,https://pbs.twimg.com/ext_tw_video_thumb/1891861471400951808/pu/img/-4GjBst1oguO5z3o.jpg,JktProcessing,in,0,1,0,https://x.com/undefined/status/1891861504892272784,926738378153799681,,2025-02-18,Ella,Gen 10
1891844329024508201,2025-02-18 13:36:51+00:00,0,ELLA MANA YABG GAADA A???,1891844329024508201,,,in,0,0,0,https://x.com/undefined/status/1891844329024508201,1639148955236995072,,2025-02-18,Ella,Gen 10
1488777496774397955,2025-02-18 13:33:06+00:00,1,[STORY] From jkt48.ella.a Tue 18 Feb 2025 14:31:36 https://t.co/qlnK3XfcJ6,1891843383376965702,https://pbs.twimg.com/ext_tw_video_thumb/1891843328771227651/pu/img/NHr9UJ8RMFTpD6SK.jpg,JktProcessing,in,0,1,0,https://x.com/undefined/status/1891843383376965702,926738378153799681,,2025-02-18,Ella,Gen 10
1491796491132092421,2025-02-18 00:15:15+00:00,0,[TikTok] from @.jkt48.ella.a: https://t.co/Lo5CXqtROb https://t.co/Vi9cxx2rDO,1891642597858316503,https://pbs.twimg.com/ext_tw_video_thumb/1891642556301312000/pu/img/EkhUVbFceGZJlN3h.jpg,JktProcessing,in,0,1,0,https://x.com/undefined/status/1891642597858316503,926738378153799681,,2025-02-18,Ella,Gen 10
1890794766385750078,2025-02-17 08:17:38+00:00,0,@RFritzy_JKT48 @A_FionyJKT48 Kok mirip zy,1891401607788585439,,RFritzy_JKT48,in,0,0,0,https://x.com/undefined/status/1891401607788585439,1792853112669216768,,2025-02-17,Ella,Gen 10
1890775331847483640,2025-02-16 16:36:30+00:00,2,@aboutFiony @A_FionyJKT48 @Freya_JKT48 Ga bs ngebayangin kalau ada slh satu yg gr*d dl an kapalnya Berlayar tak bertepian by Ella sudah pasti bagai nelayan yang kehilangan arah Tinggalah Ku Sendiri by Nike Ardilla ,1891164765239542072,,aboutFiony,in,0,0,0,https://x.com/undefined/status/1891164765239542072,2155345279,,2025-02-16,Ella,Gen 10
1891075473133691107,2025-02-16 15:39:31+00:00,0,@SW_RaishaJKT48 @A_LuluJKT48 @Delynn_JKT48 YEUUU INI LAGI MANAS²IN LARI AJA KATA AKU MAH YG PUNYA GALAK @Delynn_JKT48 ,1891150423643267356,,SW_RaishaJKT48,in,0,0,0,https://x.com/undefined/status/1891150423643267356,1767759623120150529,,2025-02-16,Ella,Gen 10
1891075473133691107,2025-02-16 15:38:47+00:00,0,@A_LuluJKT48 @SW_RaishaJKT48 @Delynn_JKT48 wkwkwk baru aja ya di tinggal ke jepang udh yg mau ambil tuh,1891150237101637810,,A_LuluJKT48,in,0,0,0,https://x.com/undefined/status/1891150237101637810,1767759623120150529,,2025-02-16,Ella,Gen 10
1891075473133691107,2025-02-16 14:29:59+00:00,0,@SW_RaishaJKT48 @Delynn_JKT48 @A_LuluJKT48 ceilahhh ngaduann luuu,1891132925552329050,,SW_RaishaJKT48,in,0,0,0,https://x.com/undefined/status/1891132925552329050,1767759623120150529,,2025-02-16,Ella,Gen 10
1891092121265848707,2025-02-16 13:12:14+00:00,0,@A_VirgiJKT48 @Giaa_JKT48 Konsultasi ke senior mu dik si ka Ella dia mahir nya masalah hidung,1891113357895143883,,A_VirgiJKT48,in,0,0,0,https://x.com/undefined/status/1891113357895143883,1589527819251392512,,2025-02-16,Ella,Gen 10
1488777496774397955,2025-02-15 17:51:15+00:00,2,[STORY] From jkt48.ella.a Sat 15 Feb 2025 15:55:01 https://t.co/a3z6DjPtbJ,1890821186986127726,https://pbs.twimg.com/ext_tw_video_thumb/1890821139016077312/pu/img/e4IhvagbgtXP0reI.jpg,JktProcessing,in,0,1,0,https://x.com/undefined/status/1890821186986127726,926738378153799681,,2025-02-15,Ella,Gen 10
1890782125282021469,2025-02-15 15:16:02+00:00,5,forever @Freya_JKT48 @A_FionyJKT48 janji ya selalu bersama dalam ke adaan apapun kurang kurangin gengsi nya aku tau persahabatan kalian itu melebihi apapun itu berantem kalian adalah cara sendiri untuk ngungkapin kalo kalian sayang satu sama lain jangan berubah yaaa. https://t.co/XjmewraUoZ,1890782125282021469,https://pbs.twimg.com/media/Gj1oThVa0AAhW5S.jpg,,in,0,0,0,https://x.com/undefined/status/1890782125282021469,1767759623120150529,,2025-02-15,Ella,Gen 10
1890765353946321071,2025-02-15 14:10:44+00:00,1,@A_VirgiJKT48 Dari sekian banyaknya member jkt48 yg ku kenal ini yg kocak setelah ella,1890765690849607706,,A_VirgiJKT48,in,0,0,0,https://x.com/undefined/status/1890765690849607706,1746112866389028864,,2025-02-15,Ella,Gen 10
1488777496774397955,2025-02-14 18:18:52+00:00,0,[STORY] From jkt48.ella.a Fri 14 Feb 2025 13:06:16 https://t.co/sjZRZJeDJx,1890465748641841363,https://pbs.twimg.com/ext_tw_video_thumb/1890465735677452288/pu/img/BDW0C9WDSPzsQ_RE.jpg,JktProcessing,in,0,1,0,https://x.com/undefined/status/1890465748641841363,926738378153799681,,2025-02-14,Ella,Gen 10
1491796491132092421,2025-02-13 00:27:57+00:00,0,[TikTok] from @.jkt48.ella.a: deng deng https://t.co/IqlERBI1v2 https://t.co/MhAC1K9q43,1889833856162996374,https://pbs.twimg.com/ext_tw_video_thumb/1889833814475808773/pu/img/bsmgPxENkpR5gHK4.jpg,JktProcessing,in,0,1,1,https://x.com/undefined/status/1889833856162996374,926738378153799681,,2025-02-13,Ella,Gen 10
1889327915898446198,2025-02-12 16:49:03+00:00,1,@_yvngr_ @F_FeniJKT48 @A_ChristyJKT48 @C_JessiJKT48 @A_FionyJKT48 @A_MutheJKT48 @Freya_JKT48 @A_GitaJKT48 @S_GraciaJKT48 @L_MarshaJKT48 @AU_LiaJKT48 @A_LuluJKT48 @C_OnielJKT48 Lagi nyari diatas kata keren itu apa ya,1889718369424736389,,_yvngr_,in,0,0,0,https://x.com/undefined/status/1889718369424736389,1721205247190953984,,2025-02-12,Ella,Gen 10
1889418233981383111,2025-02-12 12:44:28+00:00,0,@Fallenkingdom__ @SW_RaishaJKT48 @A_FionyJKT48 @Freya_JKT48 @A_MutheJKT48 pilih Ella koh @AM_EllaJKT48,1889656817367543981,,Fallenkingdom__,in,0,0,0,https://x.com/undefined/status/1889656817367543981,1657054671922671618,,2025-02-12,Ella,Gen 10
1889167593531175288,2025-02-11 04:20:27+00:00,18, Taruh @AM_EllaJKT48 &amp; @A_LuluJKT48 JKT48 26th Single Personal Meet &amp; Greet ICE Indonesia BSD | 08 02 2025 #JKT48 #Ella #Lulu https://t.co/UYHyCYXhiZ,1889167593531175288,https://pbs.twimg.com/media/Gjer6R6akAAgJeC.jpg,,in,0,0,3,https://x.com/undefined/status/1889167593531175288,345816991,,2025-02-11,Ella,Gen 10
1488777496774397955,2025-02-10 05:24:00+00:00,1,[STORY] From jkt48.ella.a Sun 9 Feb 2025 22:22:17 https://t.co/GJhokLQh3G,1888821197150019610,https://pbs.twimg.com/ext_tw_video_thumb/1888821132171878400/pu/img/7153IMUHUWgGo42u.jpg,JktProcessing,in,0,1,0,https://x.com/undefined/status/1888821197150019610,926738378153799681,,2025-02-10,Ella,Gen 10
1888594189123723678,2025-02-10 03:37:02+00:00,3,@ForLoveliest @Freya_Universe @Freya_JKT48 @A_FionyJKT48 @FreyanationID @Symfiony Prasaan Idol yg ingusan kelahiran 2006 mulu ella ama lana juga lahir 2006 ,1888794275963695480,,ForLoveliest,in,0,0,0,https://x.com/undefined/status/1888794275963695480,112993100,,2025-02-10,Ella,Gen 10
1888662672822182209,2025-02-09 18:54:05+00:00,490,Ella Lulu @AM_EllaJKT48 @A_LuluJKT48 . . . ICE BSD 26th Single MnG | ⁰⁸⁰²²⁰²⁵ #JKT48_26SingleMNG https://t.co/1t8FNtdlta,1888662672822182209,https://pbs.twimg.com/media/GjXfXVGacAABtDx.jpg,,in,1,0,110,https://x.com/undefined/status/1888662672822182209,1782092960659881984,,2025-02-09,Ella,Gen 10
1888572596763156485,2025-02-09 12:56:09+00:00,65,WTS Photocard jkt48 26th single Versi sukinanda atau UG Marsha versi 1 Marsha versi 2 Christy versi 1 Christy versi 2 Katrina versi 1 Katrina versi 2 Lily Nala Oline Ella Deyln Anin Desy Fiony versi 1 atau 2 Freya Oniel https://t.co/eh31uW1coQ,1888572596763156485,https://pbs.twimg.com/media/GjWOxEEbQAAVt0w.jpg,,in,0,26,6,https://x.com/undefined/status/1888572596763156485,1566258563299033088,,2025-02-09,Ella,Gen 10
1888464897455112490,2025-02-09 05:48:12+00:00,304,08022025 Ella @AM_EllaJKT48 w/ Lulu @A_LuluJKT48 ICE BSD #JKT48_26SingleMNG https://t.co/LrnX193MlA,1888464897455112490,https://pbs.twimg.com/media/GjUsz3DaEAA52ww.jpg,,in,1,0,77,https://x.com/undefined/status/1888464897455112490,1883315930,,2025-02-09,Ella,Gen 10
1488760257811988484,2025-02-08 23:58:37+00:00,4,[instagram] from jkt48.ella.a: maaciii semuaaa!! https://t.co/dSnUBkMXsj https://t.co/0eImtpot23,1888376922083828136,https://pbs.twimg.com/media/GjTcnPwaUAAGVes.jpg,JktProcessing,in,0,1,0,https://x.com/undefined/status/1888376922083828136,926738378153799681,,2025-02-08,Ella,Gen 10
1888320926628069754,2025-02-08 20:16:06+00:00,19,Fancam Ella &amp; Lulu ~ Taruh (Cover) @AM_EllaJKT48 @A_LuluJKT48 ️ 020825 #JKT48_26SingleMNG https://t.co/ezE4cxvNdG,1888320926628069754,https://pbs.twimg.com/ext_tw_video_thumb/1888320848098197504/pu/img/tTSbzKd_N0SW8Kxg.jpg,,in,0,0,8,https://x.com/undefined/status/1888320926628069754,879805164361621504,,2025-02-08,Ella,Gen 10
1488777496774397955,2025-02-08 16:33:00+00:00,3,[STORY] From jkt48.ella.a Sat 8 Feb 2025 18:51:42 https://t.co/RMsT1DEQM3,1888264781339214122,https://pbs.twimg.com/ext_tw_video_thumb/1888264735587811328/pu/img/9IEpbdyFiRDt3bMf.jpg,JktProcessing,in,0,1,0,https://x.com/undefined/status/1888264781339214122,926738378153799681,,2025-02-08,Ella,Gen 10
1888252938084299079,2025-02-08 15:45:57+00:00,123,[Instagram] jkt48.ella.a Sebagai penutup hari ini yang cukup melelahkan https://t.co/yri5z9RpTK,1888252938084299079,https://pbs.twimg.com/media/GjRsClAbsAANOoe.jpg,,in,0,0,18,https://x.com/undefined/status/1888252938084299079,1101357158581452800,,2025-02-08,Ella,Gen 10
1888201898488201617,2025-02-08 12:23:08+00:00,697,Ella &amp; Lulu Duet at Mini Stage JKT48 26th Single MnG @AM_EllaJKT48 @A_LuluJKT48 #JKT48_26SingleMNG https://t.co/cEJOkWSt2i,1888201898488201617,https://pbs.twimg.com/media/GjQ9mhXbEAAV8Jr.jpg,,in,4,0,162,https://x.com/undefined/status/1888201898488201617,934460222,,2025-02-08,Ella,Gen 10
1888199732591239525,2025-02-08 12:14:31+00:00,777,Indah Ella #JKT48_26SingleMNG https://t.co/hUpDJzlhKW,1888199732591239525,https://pbs.twimg.com/ext_tw_video_thumb/1888199586751393792/pu/img/Uo3LNnGga3mOjynO.jpg,,tr,1,0,62,https://x.com/undefined/status/1888199732591239525,809987274,,2025-02-08,Ella,Gen 10
1888158961867928012,2025-02-08 09:32:31+00:00,0,wts pc ella jkt48 #KuSangatSuka cod venue https://t.co/ozCXoDzGVY,1888158961867928012,https://pbs.twimg.com/media/GjQWjRcaoAIAiBA.jpg,,in,0,3,0,https://x.com/undefined/status/1888158961867928012,1653603387408257024,,2025-02-08,Ella,Gen 10
1488777496774397955,2025-02-07 17:34:50+00:00,0,[STORY] From jkt48.ella.a Fri 7 Feb 2025 16:02:21 https://t.co/8cRNq0JsYi,1887917954932818058,https://pbs.twimg.com/ext_tw_video_thumb/1887917935358001155/pu/img/I48P5RvqHs3ibMyY.jpg,JktProcessing,in,0,1,0,https://x.com/undefined/status/1887917954932818058,926738378153799681,,2025-02-07,Ella,Gen 10
1488777496774397955,2025-02-07 16:05:57+00:00,0,[STORY] From jkt48.ella.a Fri 7 Feb 2025 12:36:12 https://t.co/Pc18OPD3UT,1887895583144464548,https://pbs.twimg.com/ext_tw_video_thumb/1887895540614246401/pu/img/v9PQP4937H7NzVM3.jpg,JktProcessing,in,0,1,0,https://x.com/undefined/status/1887895583144464548,926738378153799681,,2025-02-07,Ella,Gen 10
1887487020471320770,2025-02-07 15:46:21+00:00,1,@EditanJeketi @Freya_JKT48 @FreyanationID @A_FionyJKT48 @Symfiony Mang boleh baru bisa beberapa hari bawa sepeda udah bawa motor gede! Mana paling depan lagi,1887890651146334719,,,in,0,0,0,https://x.com/undefined/status/1887890651146334719,1721205247190953984,,2025-02-07,Ella,Gen 10
1887401969691582854,2025-02-06 08:41:09+00:00,1,@vvotanet wts kalender 2025 jkt48 a gaze of dream Kalender Sincere Sticker Sincere &amp; Enchating Photopack Olla Ribka Photocard Ella Michie Feni Chaty Alya Amanda Chelsea Shopee gratis ongkir https://t.co/VXHilGsBoy Packing Aman &amp; Dapat Freebies wtt wtb pc pp jkt48 #zonauang https://t.co/aVfkP8TUY9,1887421259329511874,https://pbs.twimg.com/media/GjF3oJqaUAAxwd4.jpg,vvotanet,in,0,1,0,https://x.com/undefined/status/1887421259329511874,1472190084594028544,,2025-02-06,Ella,Gen 10
1887420956957876410,2025-02-06 08:39:57+00:00,0,wts kalender 2025 jkt48 a gaze of dream Kalender Sincere Sticker Sincere &amp; Enchating Photopack Olla Ribka Photocard Ella Michie Feni Chaty Alya Amanda Chelsea Shopee gratis ongkir https://t.co/VXHilGsBoy Packing Aman &amp; Dapat Freebies wtt wtb pc pp jkt48 #zonauang https://t.co/Smvo96OCxe,1887420956957876410,https://pbs.twimg.com/media/GjF3WqMa8AAItdp.jpg,,in,0,0,0,https://x.com/undefined/status/1887420956957876410,1472190084594028544,,2025-02-06,Ella,Gen 10
1887420867577282841,2025-02-06 08:39:36+00:00,0,wts kalender 2025 jkt48 a gaze of dream Kalender Sincere Sticker Sincere &amp; Enchating Photopack Olla Ribka Photocard Ella Michie Feni Chaty Alya Amanda Chelsea Shopee gratis ongkir https://t.co/VXHilGsBoy Packing Aman &amp; Dapat Freebies wtt wtb pc pp jkt48 #zonauang https://t.co/J04q4MQPmq,1887420867577282841,https://pbs.twimg.com/media/GjF3RgPbIAAv-4Q.jpg,,in,0,0,0,https://x.com/undefined/status/1887420867577282841,1472190084594028544,,2025-02-06,Ella,Gen 10
1887420464718606788,2025-02-06 08:38:00+00:00,1,wts kalender 2025 jkt48 a gaze of dream Kalender Sincere Sticker Sincere &amp; Enchating Photopack Olla Ribka Photocard Ella Michie Feni Chaty Alya Amanda Chelsea Shopee gratis ongkir https://t.co/AKVCE5hnv9 Packing Aman &amp; Dapat Freebies wtt wtb pc pp jkt48 #zonauang https://t.co/dEw6WAINMP,1887420464718606788,https://pbs.twimg.com/media/GjF258DbIAArots.jpg,,in,0,0,0,https://x.com/undefined/status/1887420464718606788,1472190084594028544,,2025-02-06,Ella,Gen 10
1887064767275405612,2025-02-05 09:04:35+00:00,1,wtb 2s ella jkt48 yang ada bolee dong,1887064767275405612,,,in,0,1,0,https://x.com/undefined/status/1887064767275405612,1318468839147937792,,2025-02-05,Ella,Gen 10
1886992034663424233,2025-02-05 04:56:33+00:00,1,@Gendis_JKT48 Kak ella sedang menyerang,1887002350432477682,,Gendis_JKT48,in,0,2,0,https://x.com/undefined/status/1887002350432477682,1305805076074700800,,2025-02-05,Ella,Gen 10
1488777496774397955,2025-02-04 15:06:15+00:00,1,[STORY] From jkt48.ella.a Tue 4 Feb 2025 15:43:45 https://t.co/iw9CyBUB5M,1886793398608388532,https://pbs.twimg.com/ext_tw_video_thumb/1886793379356532736/pu/img/Hi8Gwpj2bie0PRwp.jpg,JktProcessing,in,0,1,0,https://x.com/undefined/status/1886793398608388532,926738378153799681,,2025-02-04,Ella,Gen 10
1488777496774397955,2025-02-04 13:56:47+00:00,0,[STORY] From jkt48.ella.a Tue 4 Feb 2025 14:08:39 https://t.co/gq747jOe4X,1886775913926549739,https://pbs.twimg.com/media/Gi8ssJZbkAA1BMw.jpg,JktProcessing,in,0,1,0,https://x.com/undefined/status/1886775913926549739,926738378153799681,,2025-02-04,Ella,Gen 10
1886736959118434609,2025-02-04 11:21:59+00:00,0,Happy birthday ce @A_FionyJKT48 semoga sehat dan bahagia selalu ,1886736959118434609,,,in,0,0,0,https://x.com/undefined/status/1886736959118434609,1783086057556516864,,2025-02-04,Ella,Gen 10
1488777496774397955,2025-02-02 17:54:56+00:00,1,[STORY] From jkt48.ella.a Sun 2 Feb 2025 14:40:55 https://t.co/WzuXOW70Gk,1886111073906102533,https://pbs.twimg.com/ext_tw_video_thumb/1886111033447903232/pu/img/qCT0XuhpePMyeMR0.jpg,JktProcessing,in,0,1,0,https://x.com/undefined/status/1886111073906102533,926738378153799681,,2025-02-02,Ella,Gen 10
1886014987132629106,2025-02-02 11:53:40+00:00,0,@aku_g_kaget_lae @Freya_JKT48 Oshiku satu (Shasa) satu (Freya) nya (Ella Intan),1886020158382313916,,,in,0,0,0,https://x.com/undefined/status/1886020158382313916,1731196567091388417,,2025-02-02,Ella,Gen 10
1886014987132629106,2025-02-02 11:35:13+00:00,0,@a_ily_sh @Freya_JKT48 klo ga besok paling bentar lagi ganti Ella kalo ga Intan,1886015514415419675,,a_ily_sh,in,0,1,0,https://x.com/undefined/status/1886015514415419675,1482120786995716097,,2025-02-02,Ella,Gen 10
1488777496774397955,2025-02-02 07:44:49+00:00,0,[STORY] From jkt48.ella.a Sun 2 Feb 2025 0:28:41 https://t.co/K09oFgZGyf,1885957531828359380,https://pbs.twimg.com/ext_tw_video_thumb/1885957512144588801/pu/img/nzro3II_7lj5qTlM.jpg,JktProcessing,in,0,1,0,https://x.com/undefined/status/1885957531828359380,926738378153799681,,2025-02-02,Ella,Gen 10
1885842114032144861,2025-02-02 00:09:54+00:00,1,@marimozoroo @S_FloraJKT48 @Freya_JKT48 @A_GitaJKT48 @AM_EllaJKT48 loh nambah ella bang?,1885843046908190745,,marimozoroo,in,0,1,0,https://x.com/undefined/status/1885843046908190745,1559874064772395008,,2025-02-02,Ella,Gen 10
1885842114032144861,2025-02-02 00:08:48+00:00,1,@marimozoroo @S_FloraJKT48 @Freya_JKT48 @A_GitaJKT48 @AM_EllaJKT48 Nambah Ella ya sekarang?,1885842770243526819,,marimozoroo,in,0,1,0,https://x.com/undefined/status/1885842770243526819,1705528213701902337,,2025-02-02,Ella,Gen 10
1885630144737685611,2025-02-01 11:18:17+00:00,1,@agv48 @Freya_JKT48 @A_ChristyJKT48 @L_MarshaJKT48 @S_GraciaJKT48 @AM_EllaJKT48 ELLA BONDOLLLLL WKWKWKKWKW LUCUUUU,1885648862200910100,,agv48,in,0,0,0,https://x.com/undefined/status/1885648862200910100,1654701839177351169,,2025-02-01,Ella,Gen 10
1885646803183587517,2025-02-01 11:10:06+00:00,7,Dar der dor hati ini melihat ella bondoru #SMETsterBaru #TwTday @Freya_JKT48 @A_ChristyJKT48 @L_MarshaJKT48 @S_GraciaJKT48 @AM_EllaJKT48 https://t.co/TzoWhvyKum,1885646803183587517,https://pbs.twimg.com/media/GispwgPbYAAEgMk.jpg,,in,0,0,2,https://x.com/undefined/status/1885646803183587517,1235327363078119425,,2025-02-01,Ella,Gen 10
1885630144737685611,2025-02-01 10:36:53+00:00,8,@agv48 @Freya_JKT48 @A_ChristyJKT48 @L_MarshaJKT48 @S_GraciaJKT48 @AM_EllaJKT48 ubur ubur ikan lele ella bondol makin cakep lee‍️‍,1885638444342554676,,agv48,in,0,0,0,https://x.com/undefined/status/1885638444342554676,1851949921202769924,,2025-02-01,Ella,Gen 10
1884912955982266515,2025-01-30 10:34:03+00:00,2,[TikTok] jkt48.ella.a · 11.11.2024 https://t.co/5Snvr5UXOI,1884912955982266515,https://pbs.twimg.com/ext_tw_video_thumb/1884912912621572097/pu/img/RwmISQ1JuUKVzQ-f.jpg,,in,0,0,0,https://x.com/undefined/status/1884912955982266515,1101357158581452800,,2025-01-30,Ella,Gen 10
1884578749880164369,2025-01-30 06:12:24+00:00,5,@ArdhaWardhana22 @Freya_JKT48 @A_GitaJKT48 Eli Ella juga betah wkwkwwkk ,1884847111772221463,,ArdhaWardhana22,in,0,0,0,https://x.com/undefined/status/1884847111772221463,1779820927355883520,,2025-01-30,Ella,Gen 10
1884578749880164369,2025-01-29 17:13:27+00:00,2,@ArdhaWardhana22 @Freya_JKT48 @A_GitaJKT48 Ella jugak belum ganti tuh,1884651080484884695,,ArdhaWardhana22,in,0,0,0,https://x.com/undefined/status/1884651080484884695,1195844994210254848,,2025-01-29,Ella,Gen 10
1884283512880242856,2025-01-29 05:20:51+00:00,0,@A_FionyJKT48 @Freya_JKT48 aduhh ce siang siang masa mau ribut lagi,1884471748776898739,,A_FionyJKT48,in,0,0,0,https://x.com/undefined/status/1884471748776898739,1767759623120150529,,2025-01-29,Ella,Gen 10
1488777496774397955,2025-01-26 05:32:42+00:00,0,[STORY] From jkt48.ella.a Sat 25 Jan 2025 22:33:02 https://t.co/1LVqvGkqjG,1883387569494544784,https://pbs.twimg.com/media/GiMjAlgbMAAzeyp.jpg,JktProcessing,in,0,1,0,https://x.com/undefined/status/1883387569494544784,926738378153799681,,2025-01-26,Ella,Gen 10
1488777496774397955,2025-01-26 02:53:37+00:00,1,[STORY] From jkt48.ella.a Sat 25 Jan 2025 21:03:20 https://t.co/J6nQ81vMs8,1883347533193420894,https://pbs.twimg.com/media/GiL-mInbIAAN4wt.jpg,JktProcessing,in,0,1,0,https://x.com/undefined/status/1883347533193420894,926738378153799681,,2025-01-26,Ella,Gen 10
1488777496774397955,2025-01-25 23:08:45+00:00,0,[STORY] From jkt48.ella.a Sat 25 Jan 2025 19:54:03 https://t.co/0QsViefUwB,1883290944356905165,https://pbs.twimg.com/media/GiLLINVaMAAQU0U.jpg,JktProcessing,in,0,1,0,https://x.com/undefined/status/1883290944356905165,926738378153799681,,2025-01-25,Ella,Gen 10
1883149214466859061,2025-01-25 13:48:57+00:00,0,@Greesel_JKT48 @AM_EllaJKT48 Ella bener bener wkwk,1883150066120307057,,Greesel_JKT48,in,0,0,0,https://x.com/undefined/status/1883150066120307057,1579039655319982080,,2025-01-25,Ella,Gen 10
1883149214466859061,2025-01-25 13:46:25+00:00,0,@Greesel_JKT48 @AM_EllaJKT48 Astaga Ella ada aja kelakuannya,1883149428242211226,,Greesel_JKT48,in,0,0,0,https://x.com/undefined/status/1883149428242211226,1650721480454586368,,2025-01-25,Ella,Gen 10
1881854455190294714,2025-01-25 01:58:32+00:00,1,@MngFerry @A_GitaJKT48 @JTrisha_JKT48 Akhirnya member yg hilang kembali️‍,1882971283258040341,,MngFerry,in,0,0,0,https://x.com/undefined/status/1882971283258040341,1525334845253029888,,2025-01-25,Ella,Gen 10
1882272521812353232,2025-01-23 10:57:27+00:00,1,@Ghagaella @S_GraciaJKT48 @AM_EllaJKT48 @A_GitaJKT48 @Kimmy_JKT48 ahh ini dia yg juga ngabisin tiket vc 5 tiket persesi setiap bulan di Ella,1882382130145362271,,NiceeGhaa,in,0,1,0,https://x.com/undefined/status/1882382130145362271,1558297369057173504,,2025-01-23,Ella,Gen 10
1882272521812353232,2025-01-23 10:18:01+00:00,1,@BaymaxMMXII @S_GraciaJKT48 @AM_EllaJKT48 @A_GitaJKT48 @Kimmy_JKT48 habede kak baymaxx kesayangan ella yang selalu ngabisin tiket vc ,1882372206740824151,,BaymaxMMXII,in,0,1,0,https://x.com/undefined/status/1882372206740824151,1343798036288294913,,2025-01-23,Ella,Gen 10
1882272521812353232,2025-01-23 09:47:05+00:00,0,@rdhaldnsyh @S_GraciaJKT48 @AM_EllaJKT48 @A_GitaJKT48 @Kimmy_JKT48 makasih abang nya Ella,1882364422662004793,,igotyouandido,in,0,0,0,https://x.com/undefined/status/1882364422662004793,1558297369057173504,,2025-01-23,Ella,Gen 10
1488777496774397955,2025-01-23 03:32:55+00:00,1,[STORY] From jkt48.ella.a Thu 23 Jan 2025 1:53:14 https://t.co/rMTcFA7yeb,1882270260931498333,https://pbs.twimg.com/media/Gh8q0hnbwAAP1-J.jpg,JktProcessing,in,0,1,0,https://x.com/undefined/status/1882270260931498333,926738378153799681,,2025-01-23,Ella,Gen 10
1488777496774397955,2025-01-23 02:47:47+00:00,1,[STORY] From jkt48.ella.a Thu 23 Jan 2025 1:00:34 https://t.co/2PzPWakJ2o,1882258899690279186,https://pbs.twimg.com/media/Gh8gfTQaoAIey9z.jpg,JktProcessing,in,0,1,0,https://x.com/undefined/status/1882258899690279186,926738378153799681,,2025-01-23,Ella,Gen 10
1881658678316789880,2025-01-22 06:13:25+00:00,0,@SNayla_JKT48 @AM_EllaJKT48 @AU_LiaJKT48 Widihhh nanti fotbar juga sama kak ella,1881948263865339907,,SNayla_JKT48,in,0,0,0,https://x.com/undefined/status/1881948263865339907,1705677615082901504,,2025-01-22,Ella,Gen 10
1491796491132092421,2025-01-21 18:07:48+00:00,1,[TikTok] from @.jkt48.ella.a: DIYAMMMMMM https://t.co/H3qCm8lOXK https://t.co/dCkSRYsmQa,1881765655818776669,https://pbs.twimg.com/ext_tw_video_thumb/1881765614282579968/pu/img/8EUyxMCseALzL2ff.jpg,JktProcessing,in,0,1,0,https://x.com/undefined/status/1881765655818776669,926738378153799681,,2025-01-21,Ella,Gen 10
1880571556600148333,2025-01-18 11:09:09+00:00,20,@DomLica_ @N_CathyJKT48 @A_FionyJKT48 @S_GraciaJKT48 @Freya_JKT48 @A_ChristyJKT48 Tiap generasi pasti ada. Gen7 toya gen8 cepio gen9 atin gen10 Ella gen11 Cathy tinggal gen12 yg mana nih yg sering diganggui,1880573134765760752,,DomLica_,in,0,2,0,https://x.com/undefined/status/1880573134765760752,867418945,,2025-01-18,Ella,Gen 10
1488777496774397955,2025-01-18 06:15:11+00:00,2,[STORY] From jkt48.ella.a Sat 18 Jan 2025 0:42:36 https://t.co/wvcdBjkgHh,1880499155648540884,https://pbs.twimg.com/ext_tw_video_thumb/1880499136509980672/pu/img/VW6Th0GdJXtmfNfn.jpg,JktProcessing,in,0,1,0,https://x.com/undefined/status/1880499155648540884,926738378153799681,,2025-01-18,Ella,Gen 10
1880445213283610991,2025-01-18 02:46:26+00:00,0,@Auwia_JKT48 @N_IntanJKT48 @Giaa_JKT48 @Rilly_JKT48 @M_MikaelaJKT48 @Maira_JKT48 @A_VirgiJKT48 @Ekin_JKT48 @JE_JemimaJKT48 Noooo Jemima aku,1880446622708167043,,Auwia_JKT48,in,0,0,0,https://x.com/undefined/status/1880446622708167043,1739710989128589313,,2025-01-18,Ella,Gen 10
1880250006881595781,2025-01-17 13:49:25+00:00,1,@A_FionyJKT48 @Freya_JKT48 aduhh sahabat sedekat nadi yg selalu debat gitu amat natap nya bangga ya sama nurdana,1880251079436431409,,A_FionyJKT48,in,0,0,0,https://x.com/undefined/status/1880251079436431409,1767759623120150529,,2025-01-17,Ella,Gen 10
1880232252250157108,2025-01-17 13:24:55+00:00,0,@A_FionyJKT48 @C_JessiJKT48 @Freya_JKT48 kaget tapi di jadiin pp,1880244915176894871,,A_FionyJKT48,in,0,0,0,https://x.com/undefined/status/1880244915176894871,1767759623120150529,,2025-01-17,Ella,Gen 10
1879729004028277096,2025-01-16 11:11:42+00:00,1,@nisfitongg @brillian_galang @Greesel_JKT48 @C_OnielJKT48 @A_LuluJKT48 @S_FloraJKT48 @H_EliJKT48 @officialJKT48 Kalo member yang bawain aozora kurang Ella dan Freya aja,1879848999919943821,,nisfitongg,in,0,0,0,https://x.com/undefined/status/1879848999919943821,2857806696,,2025-01-16,Ella,Gen 10
1879729004028277096,2025-01-16 08:01:57+00:00,7,@nisfitongg @Greesel_JKT48 @C_OnielJKT48 @A_LuluJKT48 @S_FloraJKT48 @H_EliJKT48 @officialJKT48 masih banyak yg belum gendis aralie freya ella dll next semoga ada single dr vocal line,1879801247676682653,,nisfitongg,in,0,0,0,https://x.com/undefined/status/1879801247676682653,875666272754651137,,2025-01-16,Ella,Gen 10
1488777496774397955,2025-01-16 01:38:53+00:00,2,[STORY] From jkt48.ella.a Thu 16 Jan 2025 1:06:52 https://t.co/fcGVu6Ha0i,1879704847437672951,https://pbs.twimg.com/ext_tw_video_thumb/1879704821126848512/pu/img/7vHMjnOe8ip0NWUK.jpg,JktProcessing,in,0,1,0,https://x.com/undefined/status/1879704847437672951,926738378153799681,,2025-01-16,Ella,Gen 10
1879447582881223051,2025-01-15 08:36:36+00:00,0,wts kalender jkt48 2025 a gaze of dream Photopack Olla Ribka 100k / pp Photocard Freya Ella Greesel 150k / pc Alya 80k Amanda Chelsea 50k / pc Harga khusus cod fx hari minggu 19 januari 2025 atau mau wtt ajuin aja membernya wtb pp pc jkt48 #zonauang https://t.co/U59BMDe0gP,1879447582881223051,https://pbs.twimg.com/media/GhUjnATbAAAx_FG.jpg,,in,0,6,0,https://x.com/undefined/status/1879447582881223051,1472190084594028544,,2025-01-15,Ella,Gen 10
1879177873577431531,2025-01-14 14:44:53+00:00,3,wtt photocard jkt48 kalender 2025 a gaze of dream pc freya ke marsha / oline pc ella / greesel / feni ke jessi / fiony pc alya / chelsea / amanda ke cynthia / flora / raisha bisa kirim2 / cod fx sts marsha https://t.co/IPXMZXKHE9,1879177873577431531,https://pbs.twimg.com/media/GhQuT95bwAAE8yl.jpg,,in,0,0,0,https://x.com/undefined/status/1879177873577431531,1472190084594028544,,2025-01-14,Ella,Gen 10
1685179285903216640,2025-01-14 01:24:26+00:00,0,[TikTok] from @.alyajkt48: ka @.jkt48.ella.a https://t.co/YVN3Fku5qh https://t.co/WlBufv7ma7,1878976436595479037,https://pbs.twimg.com/ext_tw_video_thumb/1878976395709497344/pu/img/__jI_LFgogx6gTet.jpg,JktProcessing,in,0,1,0,https://x.com/undefined/status/1878976436595479037,926738378153799681,,2025-01-14,Ella,Gen 10
1878713879318192333,2025-01-13 08:01:08+00:00,0,Wts Kalender JKT48 2025 a gaze of dream Pp Muthe Pc Ribka Neckstrap &amp; cardholder Wonderland Pp Marsha Ella animangaki. Bisa via shopee https://t.co/DCyTo2hdCh https://t.co/K3xKElwHZi,1878713879318192333,https://pbs.twimg.com/media/GhKITuubUAAfXnu.jpg,,in,0,0,1,https://x.com/undefined/status/1878713879318192333,1114534927029026816,,2025-01-13,Ella,Gen 10
1878678119663759830,2025-01-13 05:46:28+00:00,2,@chocolatpurple @Greesel_JKT48 Adakah foto ella bang,1878679990918873560,,chocolatpurple,in,0,0,0,https://x.com/undefined/status/1878679990918873560,1473420377103560706,,2025-01-13,Ella,Gen 10
1491373319752658952,2025-01-13 00:33:54+00:00,1,[TikTok] from @.jkt48.indira.s: @.jkt48.ella.a https://t.co/wurAb70i1G https://t.co/inSNssMnuP,1878601331914764318,https://pbs.twimg.com/ext_tw_video_thumb/1878601291662069760/pu/img/XREWwJtNzdawrkaM.jpg,JktProcessing,in,1,1,0,https://x.com/undefined/status/1878601331914764318,926738378153799681,,2025-01-13,Ella,Gen 10
1491796491132092421,2025-01-13 00:09:16+00:00,1,[TikTok] from @.jkt48.ella.a: https://t.co/MHeVw8Uobm https://t.co/SMTL9VPE0p,1878595129944264907,https://pbs.twimg.com/ext_tw_video_thumb/1878595080577265664/pu/img/by8Kw23vU55l5KU7.jpg,JktProcessing,in,0,1,1,https://x.com/undefined/status/1878595129944264907,926738378153799681,,2025-01-13,Ella,Gen 10
1488777496774397955,2025-01-12 18:50:52+00:00,1,[STORY] From jkt48.ella.a Sun 12 Jan 2025 14:53:15 https://t.co/jJaE9ogDYV,1878515004095475792,https://pbs.twimg.com/ext_tw_video_thumb/1878514974567661568/pu/img/8OgOlZXlRfRPyITy.jpg,JktProcessing,in,0,1,0,https://x.com/undefined/status/1878515004095475792,926738378153799681,,2025-01-12,Ella,Gen 10
1488777496774397955,2025-01-12 04:53:47+00:00,0,[STORY] From jkt48.ella.a Sat 11 Jan 2025 19:34:58 https://t.co/KAXwVBCqGd,1878304346028507382,https://pbs.twimg.com/media/GhET2B3bIAAREwx.jpg,JktProcessing,in,0,1,0,https://x.com/undefined/status/1878304346028507382,926738378153799681,,2025-01-12,Ella,Gen 10
1488777496774397955,2025-01-12 04:41:56+00:00,1,[STORY] From jkt48.ella.a Sat 11 Jan 2025 19:21:52 https://t.co/8aYIp8Zve5,1878301362972401794,https://pbs.twimg.com/media/GhERIWQbgAAlfjo.jpg,JktProcessing,in,0,1,0,https://x.com/undefined/status/1878301362972401794,926738378153799681,,2025-01-12,Ella,Gen 10
1488777496774397955,2025-01-12 04:32:59+00:00,0,[STORY] From jkt48.ella.a Sat 11 Jan 2025 19:18:44 https://t.co/aNENX6lKs8,1878299109901398437,https://pbs.twimg.com/ext_tw_video_thumb/1878299091727474689/pu/img/V00eQRFfk7k6BXwl.jpg,JktProcessing,in,0,1,0,https://x.com/undefined/status/1878299109901398437,926738378153799681,,2025-01-12,Ella,Gen 10
1488777496774397955,2025-01-12 03:59:48+00:00,0,[STORY] From jkt48.ella.a Sat 11 Jan 2025 19:13:11 https://t.co/1KpyxeizZp,1878290759121809738,https://pbs.twimg.com/ext_tw_video_thumb/1878290747226804224/pu/img/6b8hLm9BCL1Z9xSG.jpg,JktProcessing,in,0,1,0,https://x.com/undefined/status/1878290759121809738,926738378153799681,,2025-01-12,Ella,Gen 10
1878062906123943987,2025-01-11 12:54:24+00:00,1,wts photocard jkt48 kalender 2025 a gaze of dream Ella Freya Feni Greesel Alya Dena Desy Chelsea Amanda Regie Levi Nayla shopee gratis ongkir https://t.co/cZ2x77nReS wtt wtb pp pc jkt48 https://t.co/hCB53apSol,1878062906123943987,https://pbs.twimg.com/media/GhA4QSgasAAb4-Q.jpg,,in,0,0,0,https://x.com/undefined/status/1878062906123943987,1472190084594028544,,2025-01-11,Ella,Gen 10
1488777496774397955,2025-01-11 01:08:50+00:00,2,[STORY] From jkt48.ella.a Fri 10 Jan 2025 20:21:43 https://t.co/UrfpezZhLt,1877885347033731380,https://pbs.twimg.com/ext_tw_video_thumb/1877885321943371776/pu/img/WxmJo9oez-4dc4wz.jpg,JktProcessing,in,0,1,0,https://x.com/undefined/status/1877885347033731380,926738378153799681,,2025-01-11,Ella,Gen 10
1491796491132092421,2025-01-10 23:19:13+00:00,0,[TikTok] from @.jkt48.ella.a: jangan salah @.indira putri https://t.co/tgiVBWRPlO https://t.co/FCzN4BDOHU,1877857761431638044,https://pbs.twimg.com/ext_tw_video_thumb/1877857721325854720/pu/img/yXxi_wXPNArg5uaF.jpg,JktProcessing,in,0,1,0,https://x.com/undefined/status/1877857761431638044,926738378153799681,,2025-01-10,Ella,Gen 10
1491373319752658952,2025-01-10 22:47:34+00:00,0,[TikTok] from @.jkt48.indira.s: lagi @.jkt48.ella.a https://t.co/00a4TvBpBg https://t.co/kKPveuH1lf,1877849794670158010,https://pbs.twimg.com/ext_tw_video_thumb/1877849744841822208/pu/img/TNv_MkdEKa3mxs4K.jpg,JktProcessing,in,0,1,0,https://x.com/undefined/status/1877849794670158010,926738378153799681,,2025-01-10,Ella,Gen 10
1488777496774397955,2025-01-10 07:14:47+00:00,0,[STORY] From jkt48.ella.a Thu 9 Jan 2025 22:33:35 https://t.co/vAKs08CrGf,1877615050833203451,https://pbs.twimg.com/media/Gg6g7uQbsAANNGn.jpg,JktProcessing,in,0,1,0,https://x.com/undefined/status/1877615050833203451,926738378153799681,,2025-01-10,Ella,Gen 10
1488777496774397955,2025-01-10 07:11:46+00:00,0,[STORY] From jkt48.ella.a Thu 9 Jan 2025 22:31:18 https://t.co/P4WQw6DwoK,1877614293539066150,https://pbs.twimg.com/ext_tw_video_thumb/1877614275289890816/pu/img/O5bry0J0RWFKX2Be.jpg,JktProcessing,in,0,1,0,https://x.com/undefined/status/1877614293539066150,926738378153799681,,2025-01-10,Ella,Gen 10
1488777496774397955,2025-01-10 04:27:06+00:00,1,[STORY] From jkt48.ella.a Thu 9 Jan 2025 21:32:01 https://t.co/JUCTZRID4d,1877572855015125182,https://pbs.twimg.com/ext_tw_video_thumb/1877572836308725760/pu/img/cO3QeR8_2vGXgc4v.jpg,JktProcessing,in,0,1,0,https://x.com/undefined/status/1877572855015125182,926738378153799681,,2025-01-10,Ella,Gen 10
1877186422035128417,2025-01-09 17:06:54+00:00,0,@Delynn_JKT48 @L_MarshaJKT48 @AA_AlyaJKT48 @N_CathyJKT48 @Aralie_JKT48 @Y_CynthiaJKT48 @A_ChristyJKT48 @Daisy_JKT48 @_shanindira @Danella_JKT48 @Ribka_JKT48 @Lily_JKT48 @48Suzuha_16LOVE @Fbrn_bri @desygenoveva_ @A_LuluJKT48 @C_OnielJKT48 @Michie_JKT48 @SE_LynJKT48 Makasih ucapannya ellakk @AM_EllaJKT48 @L_MarshaJKT48 #FilosofiHanakopi #Yippiee19 Instagram story ella https://t.co/HzVXi0IKFg,1877401675247272275,https://pbs.twimg.com/media/Gg3e3h4acAAxQnY.jpg,RafiiKT13,in,0,1,0,https://x.com/undefined/status/1877401675247272275,1804142816978964485,,2025-01-09,Ella,Gen 10
1876647787858911724,2025-01-08 12:52:17+00:00,2,@AM_EllaJKT48 @Aralie_JKT48 wkwkkw jahat bgt ih kmuu @Aralie_JKT48 maafin kak ella ya sheng biarin aja dia emg gitu,1876975210462589395,,AM_EllaJKT48,in,0,0,0,https://x.com/undefined/status/1876975210462589395,1678582833030508547,,2025-01-08,Ella,Gen 10
1876973789864394957,2025-01-08 12:46:38+00:00,0,Wts photopack photocard official jkt48 23k/item Pengiriman manual (tf) Minat dm Theater sementara: Ella fiony jessi muthe eli lulu lia indah raisha gracia gita kathrina greesel Ramune: Feni SC: Postcard Shani x eli MH: Bookmark freya Shc: Gendis lulu indah. https://t.co/XcdIThlCNV,1876973789864394957,https://pbs.twimg.com/media/GgxZsCRaEAAmAQr.jpg,,in,0,0,1,https://x.com/undefined/status/1876973789864394957,1574387936803495936,,2025-01-08,Ella,Gen 10
1876647787858911724,2025-01-08 04:07:13+00:00,0,@Aralie_JKT48 @AM_EllaJKT48 Lau dibayar berapa ini nulis begitu tentang Ella ,1876843074808090954,,Aralie_JKT48,in,0,0,0,https://x.com/undefined/status/1876843074808090954,341495648,,2025-01-08,Ella,Gen 10
1687195819823484933,2025-01-07 23:38:05+00:00,1,[TikTok] from @.greeseljkt48: @.jkt48.ella.a https://t.co/O6x9i7bNiD https://t.co/Ckr73WmQaT,1876775343534526824,https://pbs.twimg.com/ext_tw_video_thumb/1876775291617734657/pu/img/MYiqop2kHfADtiCz.jpg,JktProcessing,in,0,1,0,https://x.com/undefined/status/1876775343534526824,926738378153799681,,2025-01-07,Ella,Gen 10
1876683249780699502,2025-01-07 17:32:08+00:00,4,Malam maluvv @Aralie_JKT48 its a bit too late ya malamnya hehe gimana hari ini? Selain have fun sama si ella ella itu? Apakah hari ini berjalan lancar? Terima kasih sudah melakukan yang terbaik untuk hari ini yaasemangat untuk hari ini maluvv jaga kesehatan juga GNGD luv,1876683249780699502,,,in,0,0,0,https://x.com/undefined/status/1876683249780699502,1674824356915200000,,2025-01-07,Ella,Gen 10
1488777496774397955,2025-01-07 17:19:07+00:00,1,[STORY] From jkt48.ella.a Tue 7 Jan 2025 18:17:16 https://t.co/6BoqOZq6yK,1876679973618270636,https://pbs.twimg.com/ext_tw_video_thumb/1876679926830735361/pu/img/WHX6CBLFoc5pDQlC.jpg,JktProcessing,in,0,1,0,https://x.com/undefined/status/1876679973618270636,926738378153799681,,2025-01-07,Ella,Gen 10
1876569634490773615,2025-01-07 10:23:05+00:00,0,@Versi_Jelek @L_MarshaJKT48 @C_OnielJKT48 @A_FionyJKT48 @Delynn_JKT48 @Freya_JKT48 @AR_LanaJKT48 @C_IndahJKT48 @F_OllaJKT48 @CErine_JKT48 @AM_EllaJKT48 Kayaknya yg bakal kalah pertama Ella ,1876575274177093857,,Versi_Jelek,in,0,0,0,https://x.com/undefined/status/1876575274177093857,1840206460439146496,,2025-01-07,Ella,Gen 10
1843069161741914386,2025-01-07 00:44:53+00:00,0,@Aralie_JKT48 Selamat pagi langit birunya aku Hari kedua di smt baru apakah sudah mulai digempur tugas? Nanti berkabar kalau udah pulang/istirahat ya! Semangat hari ini ada idn live imbangi energi Ella yg aktif bgt itu ya Minum air bening jan lupa have a good day @Aralie_JKT48,1876429767479902351,,hiyoulie,in,0,1,0,https://x.com/undefined/status/1876429767479902351,1784813340621242368,,2025-01-07,Ella,Gen 10
1876226066731487299,2025-01-06 11:21:54+00:00,9,@idn_app @AM_EllaJKT48 @Aralie_JKT48 @officialJKT48 Hati hati ya ayayi kak ella suka ngigit,1876227691470602246,,idn_app,in,0,0,0,https://x.com/undefined/status/1876227691470602246,1305805076074700800,,2025-01-06,Ella,Gen 10
1488777496774397955,2025-01-06 10:05:56+00:00,0,[STORY] From jkt48.ella.a Sun 5 Jan 2025 20:11:51 https://t.co/p3lCnfmILm,1876208572750795016,https://pbs.twimg.com/ext_tw_video_thumb/1876208547673038849/pu/img/8B-AfstImH1FWo0u.jpg,JktProcessing,in,0,1,0,https://x.com/undefined/status/1876208572750795016,926738378153799681,,2025-01-06,Ella,Gen 10
1488777496774397955,2025-01-06 09:59:37+00:00,0,[STORY] From jkt48.ella.a Sun 5 Jan 2025 20:05:53 https://t.co/JiwgSHq308,1876206982165909888,https://pbs.twimg.com/media/GgmgTV2aAAAZfWC.jpg,JktProcessing,in,0,1,0,https://x.com/undefined/status/1876206982165909888,926738378153799681,,2025-01-06,Ella,Gen 10
1876192391860015556,2025-01-06 09:01:38+00:00,4,WTS PC / PP Kalender JKT48 2025 A Gaze of Dream: PP Ella PC Elin PC Greesel PC Gita SOLD ️ *Khusus PP Ella bisa trade Ke PP Feni. Silahkan ajukan harganya di dm klo cocok saya lepas. Pengiriman bisa via Shopee/Tokped/COD (Surabaya / Sidoarjo) https://t.co/v6NDeXfw12,1876192391860015556,https://pbs.twimg.com/media/GgmTB_kakAA5liH.jpg,,in,1,3,0,https://x.com/undefined/status/1876192391860015556,756721892,,2025-01-06,Ella,Gen 10
1488777496774397955,2025-01-05 20:20:57+00:00,0,[STORY] From jkt48.ella.a Sat 4 Jan 2025 19:52:01 https://t.co/iznLcOnHB9,1876000958095970781,https://pbs.twimg.com/ext_tw_video_thumb/1876000928400330752/pu/img/vMxBuQQ48YsvbAy6.jpg,JktProcessing,in,0,1,0,https://x.com/undefined/status/1876000958095970781,926738378153799681,,2025-01-05,Ella,Gen 10
1488777496774397955,2025-01-05 02:48:03+00:00,0,[STORY] From jkt48.ella.a Fri 3 Jan 2025 15:39:42 https://t.co/88GonGQgF1,1875735986652770630,https://pbs.twimg.com/ext_tw_video_thumb/1875735972895453184/pu/img/tcqGJeLES2vvYG0w.jpg,JktProcessing,in,0,1,0,https://x.com/undefined/status/1875735986652770630,926738378153799681,,2025-01-05,Ella,Gen 10
1488777496774397955,2025-01-04 18:35:09+00:00,0,[STORY] From jkt48.ella.a Thu 2 Jan 2025 16:10:55 https://t.co/lX7JJ2Set1,1875611946646667399,https://pbs.twimg.com/media/GgeDEKsa8AAom_g.jpg,JktProcessing,in,0,1,0,https://x.com/undefined/status/1875611946646667399,926738378153799681,,2025-01-04,Ella,Gen 10
1488777496774397955,2025-01-04 18:17:12+00:00,0,[STORY] From jkt48.ella.a Thu 2 Jan 2025 16:10:04 https://t.co/OXrNPOz4x4,1875607428953469397,https://pbs.twimg.com/media/Ggd--ZPbsAAr7NS.jpg,JktProcessing,in,0,1,0,https://x.com/undefined/status/1875607428953469397,926738378153799681,,2025-01-04,Ella,Gen 10
1875027997591507150,2025-01-03 03:54:45+00:00,6,WTS PC &amp; PP Calender 2025 JKT48 - A Gaze of Dream Photocard/PC : - Indah - Nayla - Michie - Callie - Ella Photopack/PP : - Gracia - Ribka via : Tokopedia https://t.co/Qr0GNKXky3 Shopee https://t.co/DTHorSd68X,1875027997591507150,,,in,0,0,7,https://x.com/undefined/status/1875027997591507150,1838543603528011779,,2025-01-03,Ella,Gen 10
1491796491132092421,2025-01-03 03:13:16+00:00,0,[TikTok] from @.jkt48.ella.a: heyyy https://t.co/4G4FYfPyrb https://t.co/yeoeEOShB7,1875017557926932653,https://pbs.twimg.com/ext_tw_video_thumb/1875017441149095937/pu/img/i2J7YvnMsN1Hr9AX.jpg,JktProcessing,in,0,1,0,https://x.com/undefined/status/1875017557926932653,926738378153799681,,2025-01-03,Ella,Gen 10
1491796491132092421,2025-01-03 03:07:07+00:00,0,[TikTok] from @.jkt48.ella.a: bersama rekan @.mumumuthe https://t.co/xL82xJs6Gs https://t.co/HoLeStp6KM,1875016011390632131,https://pbs.twimg.com/ext_tw_video_thumb/1875015895099277312/pu/img/ioI3Ps5bvkcXVi0p.jpg,JktProcessing,in,0,1,0,https://x.com/undefined/status/1875016011390632131,926738378153799681,,2025-01-03,Ella,Gen 10
1874700575335755982,2025-01-02 06:13:42+00:00,44,Kalo mimin sih singkat padat Kamu gimana hari ini? : Instagram/jkt48indah_ Instgaram/jkt48.fiony Instagram/jkt48.ella.a @Delynn_JKT48 https://t.co/Ci7RYQ7E58,1874700575335755982,https://pbs.twimg.com/media/GgRGO9kakAAuBwK.jpg,,in,0,0,1,https://x.com/undefined/status/1874700575335755982,1499609241883406338,,2025-01-02,Ella,Gen 10
