conversation_id_str,created_at,favorite_count,full_text,id_str,image_url,in_reply_to_screen_name,lang,quote_count,reply_count,retweet_count,tweet_url,user_id_str,date,member,generation
1935008035719753870,2025-06-18 23:33:39+00:00,0,@Greesel_JKT48 congrats icel terimakasih sudah memberikan yg terbaik ,1935481063406715295,,Greesel_JKT48,in,0,0,0,https://x.com/undefined/status/1935481063406715295,1668093666421002243,2025-06-18,Greesel,Gen 11
1935479043517989187,2025-06-18 23:25:38+00:00,0,penasaran ga kita ngomongin apa? @Greesel_JKT48,1935479043517989187,,,in,0,0,0,https://x.com/undefined/status/1935479043517989187,2372974890,2025-06-18,Greesel,Gen 11
1916273153669796036,2025-06-18 22:30:48+00:00,1,Selamat pagi semangat menjalankan aktivitas hari ini @A_GitaJKT48 @C_OnielJKT48 @Gracie_JKT48 @Greesel_JKT48 @H_EliJKT48 @A_LuluJKT48 @A_VirgiJKT48 @N_IntanJKT48,1935465244132008378,,DNrpdlh,in,0,1,0,https://x.com/undefined/status/1935465244132008378,1159076552375590912,2025-06-18,Greesel,Gen 11
1935188314862272586,2025-06-18 21:42:20+00:00,0,@striofjr @Greesel_JKT48 @A_ChristyJKT48 @Degrees_OFC bang malu,1935453050560463025,,striofjr,in,0,0,0,https://x.com/undefined/status/1935453050560463025,1731687004935520256,2025-06-18,Greesel,Gen 11
1935445628387213382,2025-06-18 21:12:51+00:00,0,@Greesel_JKT48 lg ap?,1935445628387213382,,Greesel_JKT48,in,0,1,0,https://x.com/undefined/status/1935445628387213382,156588231,2025-06-18,Greesel,Gen 11
1935402850022211800,2025-06-18 18:22:52+00:00,0,udah paling bener sy bermesra mesraan sama greesel sj ga pusink @Greesel_JKT48,1935402850022211800,,,in,0,0,0,https://x.com/undefined/status/1935402850022211800,1262388735804616718,2025-06-18,Greesel,Gen 11
1935396020252459291,2025-06-18 17:55:43+00:00,0,pemula kak jgn di galakin plis @Greesel_JKT48 #Gembsart https://t.co/BNPpG2qI1x,1935396020252459291,https://pbs.twimg.com/media/GtvoYNvWIAA1eGa.jpg,,in,0,0,0,https://x.com/undefined/status/1935396020252459291,1363092957570637826,2025-06-18,Greesel,Gen 11
1935188314862272586,2025-06-18 17:45:03+00:00,0,@striofjr @Greesel_JKT48 @A_ChristyJKT48 @Degrees_OFC Greesel: Kau ni ape? Apelah kau ni. ,1935393335772069945,,striofjr,in,0,0,0,https://x.com/undefined/status/1935393335772069945,1693580120928440320,2025-06-18,Greesel,Gen 11
1935188314862272586,2025-06-18 17:04:06+00:00,0,@striofjr @Greesel_JKT48 @A_ChristyJKT48 @Degrees_OFC kalo gw malu tuh,1935383029792555495,,striofjr,in,0,0,0,https://x.com/undefined/status/1935383029792555495,1885646291654553600,2025-06-18,Greesel,Gen 11
1935188314862272586,2025-06-18 16:57:54+00:00,0,@striofjr @Greesel_JKT48 @A_ChristyJKT48 @Degrees_OFC harus dogeza sih bang menurut gw,1935381468685156788,,striofjr,in,0,0,0,https://x.com/undefined/status/1935381468685156788,1905276685743988736,2025-06-18,Greesel,Gen 11
1895852285043036551,2025-06-18 16:42:54+00:00,0,@AM_EllaJKT48 @CErine_JKT48 @Nala_JKT48 @Ribka_JKT48 @Regie_JKT48 @Kimmy_JKT48 @Greesel_JKT48 18.06.2025 sELLAmat Malam @AM_EllaJKT48 Gimana hari ini? Ga ada kabar SHENGGGG? Sibuk Banget yaa? Semangat Kuliahnya yaaa.... Atau kegiatannya.. Aku hari ini masih Ngawang awang Sumpah kesel kali tapi gapapalah Kamu yang semangat belajarnya Sebentar lagi Ujian kan? OYASHUMIIII,1935377693576749471,,DodiSaragi234,in,0,1,0,https://x.com/undefined/status/1935377693576749471,1666728085239238657,2025-06-18,Greesel,Gen 11
1935374533839700273,2025-06-18 16:30:21+00:00,0,Selamat malam dan selamat istirahat setelah berkegiatan hari ini kesayangan aku @SP_IndiraJKT48 @Greesel_JKT48 @A_VirgiJKT48,1935374533839700273,,,in,0,0,0,https://x.com/undefined/status/1935374533839700273,1224155925751025664,2025-06-18,Greesel,Gen 11
1935181424140902852,2025-06-18 16:17:22+00:00,0,@ldtyas_ @C_IndahJKT48 @F_OllaJKT48 @L_MarshaJKT48 @A_ChristyJKT48 @A_LuluJKT48 @A_GitaJKT48 @C_OnielJKT48 @Greesel_JKT48 cakep bgt rambut christy,1935371266367832576,,ldtyas_,in,0,0,0,https://x.com/undefined/status/1935371266367832576,1507024377178894337,2025-06-18,Greesel,Gen 11
1935188314862272586,2025-06-18 16:12:47+00:00,1,@striofjr @Greesel_JKT48 @A_ChristyJKT48 @Degrees_OFC Nyesel nonton ikutan malu,1935370114347761939,,striofjr,in,0,0,0,https://x.com/undefined/status/1935370114347761939,1696614362038124544,2025-06-18,Greesel,Gen 11
1935369986119475486,2025-06-18 16:12:16+00:00,0,Kmu dah tidur kah @Greesel_JKT48,1935369986119475486,,,in,0,0,0,https://x.com/undefined/status/1935369986119475486,1792866377411518464,2025-06-18,Greesel,Gen 11
1935366975984910767,2025-06-18 16:00:19+00:00,0,Wehh gada notifnyaa:( ini masi latihann kaahh? Kalo masi semangaattt! Btw makasii pap cantiknyaaa~ @Greesel_JKT48 #GreeThings,1935366975984910767,,,in,0,0,0,https://x.com/undefined/status/1935366975984910767,1757909638820077568,2025-06-18,Greesel,Gen 11
1935188314862272586,2025-06-18 15:55:50+00:00,0,@striofjr @Greesel_JKT48 @A_ChristyJKT48 @Degrees_OFC Dalem hati icel: anjir lah,1935365848904114310,,striofjr,in,0,0,0,https://x.com/undefined/status/1935365848904114310,1815008754339045377,2025-06-18,Greesel,Gen 11
1935202901921767432,2025-06-18 15:55:31+00:00,0,@althokwe26 @Greesel_JKT48 penjoki handal (akun smurf jir),1935365770055479428,,althokwe26,in,0,1,0,https://x.com/undefined/status/1935365770055479428,1321213900642156544,2025-06-18,Greesel,Gen 11
1935363388483522869,2025-06-18 15:46:03+00:00,13,@Greesel_JKT48 at Semilir Japan Matsuri Semarang https://t.co/e3bLFtoUKv,1935363388483522869,https://pbs.twimg.com/media/GtvKhpLXkAAQzOz.jpg,Greesel_JKT48,in,0,0,5,https://x.com/undefined/status/1935363388483522869,1550814385857187840,2025-06-18,Greesel,Gen 11
1935020156016898490,2025-06-18 15:34:39+00:00,0,@Greesel_JKT48 Ah lupa pdhl dah siapjn poto pake jersey Barca,1935360518925205677,,Greesel_JKT48,in,0,0,0,https://x.com/undefined/status/1935360518925205677,1148666953,2025-06-18,Greesel,Gen 11
1935360071099367637,2025-06-18 15:32:52+00:00,0,semangat latihan ya @Greesel_JKT48 #greethings,1935360071099367637,,,in,0,0,0,https://x.com/undefined/status/1935360071099367637,1416998260468719616,2025-06-18,Greesel,Gen 11
1935348778162430203,2025-06-18 15:13:12+00:00,0,@krlrsrrr @Greesel_JKT48 @C_JessiJKT48 Kasih tau kak.,1935355120683991345,,krlrsrrr,in,0,0,0,https://x.com/undefined/status/1935355120683991345,1655530181053026304,2025-06-18,Greesel,Gen 11
1935188314862272586,2025-06-18 15:11:03+00:00,0,@striofjr @Greesel_JKT48 @A_ChristyJKT48 @Degrees_OFC bang ?,1935354577949442454,,striofjr,in,0,0,0,https://x.com/undefined/status/1935354577949442454,1543479007567826945,2025-06-18,Greesel,Gen 11
1935352500128977203,2025-06-18 15:02:47+00:00,0,akuu ngantuk mauu tidurr kakgree masii latihann yaaa?? nantii kalo udah pulang istirahat yaa terimakasii untuk kerja kerasnya diharii inii gnite @Greesel_JKT48,1935352500128977203,,,in,0,0,0,https://x.com/undefined/status/1935352500128977203,1803287187313795072,2025-06-18,Greesel,Gen 11
1935350409847288162,2025-06-18 14:54:29+00:00,44,Sudah mendekati beberapa minggu lagi untuk bertemu ka @Greesel_JKT48 nih! Ada apa ya nanti? Stay tune yah Greez! Mari kita rayakan nanti! https://t.co/LiwXt531xE,1935350409847288162,https://pbs.twimg.com/media/Gtu-iP6WkAEsfIe.jpg,,in,3,0,9,https://x.com/undefined/status/1935350409847288162,1587088851708715010,2025-06-18,Greesel,Gen 11
1935348778162430203,2025-06-18 14:54:23+00:00,1,@Vincejius @Greesel_JKT48 @C_JessiJKT48 deketan mulu foto bareng yg baru nya kaga ada,1935350383771345124,,Vincejius,in,0,1,0,https://x.com/undefined/status/1935350383771345124,1552221432431939584,2025-06-18,Greesel,Gen 11
1935188314862272586,2025-06-18 14:53:20+00:00,0,@striofjr @Greesel_JKT48 @A_ChristyJKT48 @Degrees_OFC Gua ulang² bang biar Lo malunya gak henti²,1935350119156842592,,striofjr,in,0,0,0,https://x.com/undefined/status/1935350119156842592,1921162073846992896,2025-06-18,Greesel,Gen 11
1935348778162430203,2025-06-18 14:51:42+00:00,2,Akrab banget di liat-liat. @Greesel_JKT48 @C_JessiJKT48 Source Tiktok : dimasaku92 https://t.co/ND4HjydaHz,1935349707984998499,https://pbs.twimg.com/ext_tw_video_thumb/1935349512387678208/pu/img/U9e8SHwO-0M0zUoz.jpg,Vincejius,in,0,0,1,https://x.com/undefined/status/1935349707984998499,1655530181053026304,2025-06-18,Greesel,Gen 11
1935348778162430203,2025-06-18 14:48:00+00:00,5,Cel aku lagi cemburu sama olla loh I'm fine. @Greesel_JKT48 @C_JessiJKT48 https://t.co/ZytugCTQt3,1935348778162430203,https://pbs.twimg.com/ext_tw_video_thumb/1935348708570284032/pu/img/da1ZjyA2oVmn361A.jpg,,in,1,4,2,https://x.com/undefined/status/1935348778162430203,1655530181053026304,2025-06-18,Greesel,Gen 11
1935188314862272586,2025-06-18 13:58:39+00:00,0,@striofjr @Greesel_JKT48 @A_ChristyJKT48 @Degrees_OFC BANG? MALU,1935336358790447280,,striofjr,in,0,0,0,https://x.com/undefined/status/1935336358790447280,1601559018941861892,2025-06-18,Greesel,Gen 11
1935333456847978681,2025-06-18 13:47:07+00:00,0,Semaaangaat bestieee @Greesel_JKT48 #GreeThings,1935333456847978681,,,in,0,0,0,https://x.com/undefined/status/1935333456847978681,1674739175344738305,2025-06-18,Greesel,Gen 11
1935188314862272586,2025-06-18 13:46:24+00:00,0,@AliSyahbana2912 @Greesel_JKT48 @A_ChristyJKT48 @Degrees_OFC jngn di inget bg cukup saya aja,1935333277784752439,,AliSyahbana2912,in,0,0,0,https://x.com/undefined/status/1935333277784752439,1742498181278216192,2025-06-18,Greesel,Gen 11
1935188314862272586,2025-06-18 13:45:00+00:00,0,@striofjr @Greesel_JKT48 @A_ChristyJKT48 @Degrees_OFC gw malu sumpah bangg anj setelah lihat video ini kalo lihat greesel pasti inget kejadian memalukan lu,1935332922288128308,,striofjr,in,0,1,0,https://x.com/undefined/status/1935332922288128308,1212209369359601665,2025-06-18,Greesel,Gen 11
1935188314862272586,2025-06-18 13:41:01+00:00,0,@striofjr @Greesel_JKT48 @A_ChristyJKT48 @Degrees_OFC Grisel: naon ai sia ,1935331919606202482,,striofjr,in,0,0,0,https://x.com/undefined/status/1935331919606202482,1810369010875379712,2025-06-18,Greesel,Gen 11
1935331111426719850,2025-06-18 13:37:48+00:00,0,Semangat cel latihannya Tetep cakep kok papnya @Greesel_JKT48 #GreeThings,1935331111426719850,,,in,0,0,0,https://x.com/undefined/status/1935331111426719850,1452282498566795264,2025-06-18,Greesel,Gen 11
1935331097623281811,2025-06-18 13:37:45+00:00,0,nyate @Greesel_JKT48 #GreeThings https://t.co/ForURhlG62,1935331097623281811,https://pbs.twimg.com/media/GtutXf1WsAAcvh7.jpg,,in,0,0,0,https://x.com/undefined/status/1935331097623281811,1214122749251055616,2025-06-18,Greesel,Gen 11
1935188314862272586,2025-06-18 13:32:51+00:00,0,@striofjr @Greesel_JKT48 @A_ChristyJKT48 @Degrees_OFC Kok gw kebagian malunya ya,1935329868335775807,,striofjr,in,0,0,0,https://x.com/undefined/status/1935329868335775807,1556202833535324160,2025-06-18,Greesel,Gen 11
1935329713855283226,2025-06-18 13:32:15+00:00,0,@Greesel_JKT48 #GreeThings met latian! ane meeting nih online sih tapi hehehe,1935329713855283226,,Greesel_JKT48,in,0,0,0,https://x.com/undefined/status/1935329713855283226,106574270,2025-06-18,Greesel,Gen 11
1935234788082024713,2025-06-18 13:31:04+00:00,2,@yakunikuonsen @Greesel_JKT48 @titiprip @Degrees_OFC Keren banget kaks... Semoga bisa nih dipajang di kamarnya Icel dan bisa inframe terus tiap Icel live...,1935329417267642857,,yakunikuonsen,in,0,1,0,https://x.com/undefined/status/1935329417267642857,1693677459991035906,2025-06-18,Greesel,Gen 11
1935202901921767432,2025-06-18 07:58:53+00:00,0,@Greesel_JKT48 Aku kira makan si ganteng kwkw,1935245820116496731,,Greesel_JKT48,in,0,0,0,https://x.com/undefined/status/1935245820116496731,1870204700970409984,2025-06-18,Greesel,Gen 11
1935242976621699469,2025-06-18 07:47:35+00:00,0,Di liat2 lagi suka bikin tai lalat kyk Marsha ya u? @Greesel_JKT48 Cuocookkk bangeds sih tapi ,1935242976621699469,,,in,0,2,0,https://x.com/undefined/status/1935242976621699469,1434808325409959942,2025-06-18,Greesel,Gen 11
1935008035719753870,2025-06-18 07:43:11+00:00,0,@Greesel_JKT48 Cakepp banget besok pas RKJ gini juga dungss hair style nya,1935241871321874619,,Greesel_JKT48,in,0,0,0,https://x.com/undefined/status/1935241871321874619,1800113288568803328,2025-06-18,Greesel,Gen 11
1935202901921767432,2025-06-18 07:23:41+00:00,0,@Greesel_JKT48 ayam geprek lagi,1935236960928579646,,Greesel_JKT48,in,0,0,0,https://x.com/undefined/status/1935236960928579646,1675753112513155072,2025-06-18,Greesel,Gen 11
1935233481187147972,2025-06-18 07:09:51+00:00,360, @A_LuluJKT48 @A_GitaJKT48 @F_OllaJKT48 @L_MarshaJKT48 @C_OnielJKT48 @Greesel_JKT48 @C_IndahJKT48 @A_ChristyJKT48 Video Full HD di Tiktok https://t.co/2hetGeVEqW SCTV Music Awards 2025 #JKT48 https://t.co/uFXpWUS7tw,1935233481187147972,https://pbs.twimg.com/amplify_video_thumb/1935231392113377280/img/ImhvLmyQHZXQqj8-.jpg,,in,1,0,59,https://x.com/undefined/status/1935233481187147972,976068002461368326,2025-06-18,Greesel,Gen 11
1935188314862272586,2025-06-18 06:57:52+00:00,0,@ToyaLestar82608 @Greesel_JKT48 @A_ChristyJKT48 @Degrees_OFC udh jam jam tidur itu sebenernya ,1935230464165560352,,ToyaLestar82608,in,0,0,0,https://x.com/undefined/status/1935230464165560352,1742498181278216192,2025-06-18,Greesel,Gen 11
1935202901921767432,2025-06-18 06:57:07+00:00,0,@Greesel_JKT48 Bebas aja.,1935230276898271368,,Greesel_JKT48,in,0,0,0,https://x.com/undefined/status/1935230276898271368,144503337,2025-06-18,Greesel,Gen 11
1935202901921767432,2025-06-18 06:56:23+00:00,0,@Greesel_JKT48 Songteng naon? asa can pernah ngadenge kadahareun eta,1935230091476484514,,Greesel_JKT48,in,0,0,0,https://x.com/undefined/status/1935230091476484514,1428646566160601088,2025-06-18,Greesel,Gen 11
1935188314862272586,2025-06-18 06:55:30+00:00,0,@striofjr @Greesel_JKT48 @A_ChristyJKT48 @Degrees_OFC Wkwkwk ngantuk kah bang,1935229868419187115,,striofjr,in,0,1,0,https://x.com/undefined/status/1935229868419187115,1816337256648695809,2025-06-18,Greesel,Gen 11
1935202901921767432,2025-06-18 06:54:37+00:00,0,@Greesel_JKT48 tengsong,1935229646930591782,,Greesel_JKT48,in,0,0,0,https://x.com/undefined/status/1935229646930591782,38206848,2025-06-18,Greesel,Gen 11
1935228189342875982,2025-06-18 06:48:49+00:00,0,Kapan ya greefm lagi @Greesel_JKT48? https://t.co/xSQVqHAk76,1935228189342875982,https://pbs.twimg.com/ext_tw_video_thumb/1935228129745977348/pu/img/G7OiELEKVr_-iza6.jpg,,in,0,0,0,https://x.com/undefined/status/1935228189342875982,1552608638183047170,2025-06-18,Greesel,Gen 11
1935202901921767432,2025-06-18 06:43:43+00:00,0,@Greesel_JKT48 lg gamau makan siang,1935226903755174140,,Greesel_JKT48,in,0,0,0,https://x.com/undefined/status/1935226903755174140,1106024962119237632,2025-06-18,Greesel,Gen 11
1935188314862272586,2025-06-18 06:43:25+00:00,0,@striofjr @Greesel_JKT48 @A_ChristyJKT48 @Degrees_OFC make nih org,1935226830543536375,,striofjr,in,0,1,0,https://x.com/undefined/status/1935226830543536375,1537841827935813632,2025-06-18,Greesel,Gen 11
1935202901921767432,2025-06-18 06:42:39+00:00,0,@Greesel_JKT48 akuu belomm makan dari kemarin,1935226636749914566,,Greesel_JKT48,in,0,0,0,https://x.com/undefined/status/1935226636749914566,1784911951904264192,2025-06-18,Greesel,Gen 11
1935202901921767432,2025-06-18 06:42:00+00:00,0,@Greesel_JKT48 Songteng apaanci ntu enak g Kaaa? Bole pap songteng a dapet dimana atuh. Disini kagak ada yang namanya songteng masa ihh ,1935226471842218141,,Greesel_JKT48,in,0,0,0,https://x.com/undefined/status/1935226471842218141,1400774351125762051,2025-06-18,Greesel,Gen 11
1935202901921767432,2025-06-18 06:34:14+00:00,0,@Greesel_JKT48 Nybelin yaaak songteng @Greesel_JKT48 ,1935224519708524698,,Greesel_JKT48,in,0,0,0,https://x.com/undefined/status/1935224519708524698,1535914782707986432,2025-06-18,Greesel,Gen 11
1935202901921767432,2025-06-18 06:33:39+00:00,0,@Greesel_JKT48 Song teng apaan dek?,1935224372903690310,,Greesel_JKT48,in,0,0,0,https://x.com/undefined/status/1935224372903690310,1535914782707986432,2025-06-18,Greesel,Gen 11
1935202901921767432,2025-06-18 06:33:24+00:00,0,@Greesel_JKT48 Enak banget tuh kayaknya sonteng,1935224307699052889,,Greesel_JKT48,in,0,0,0,https://x.com/undefined/status/1935224307699052889,1770806021369294848,2025-06-18,Greesel,Gen 11
1935202901921767432,2025-06-18 06:32:28+00:00,0,@Greesel_JKT48 Yang sederhana saja https://t.co/HiHQr5gec8,1935224073854009652,https://pbs.twimg.com/media/GttLnINaQAEbRCX.jpg,Greesel_JKT48,in,0,0,0,https://x.com/undefined/status/1935224073854009652,543553209,2025-06-18,Greesel,Gen 11
1935202901921767432,2025-06-18 06:31:36+00:00,0,@Greesel_JKT48 Apa itu songteng,1935223855901196529,,Greesel_JKT48,in,0,0,0,https://x.com/undefined/status/1935223855901196529,1799321599247863808,2025-06-18,Greesel,Gen 11
1935214892275089875,2025-06-18 06:31:35+00:00,0,@FrhanHari @AU_LiaJKT48 @Greesel_JKT48 tebak oknum https://t.co/PkzOqbUxXn,1935223850121445811,https://pbs.twimg.com/media/GttL0TbaQAILdS8.png,FrhanHari,in,0,1,0,https://x.com/undefined/status/1935223850121445811,1649410132764250113,2025-06-18,Greesel,Gen 11
1935202901921767432,2025-06-18 06:30:37+00:00,0,@Greesel_JKT48 gamakan,1935223607954931795,,Greesel_JKT48,in,0,0,0,https://x.com/undefined/status/1935223607954931795,1456424622635712514,2025-06-18,Greesel,Gen 11
1935202901921767432,2025-06-18 06:29:15+00:00,0,@Greesel_JKT48 Saya makan Gyam Aeprek,1935223264722448391,,Greesel_JKT48,in,0,0,0,https://x.com/undefined/status/1935223264722448391,1560650621971464192,2025-06-18,Greesel,Gen 11
1935222212044406954,2025-06-18 06:25:04+00:00,961,Ms. Greesel @Greesel_JKT48 17/06/25 SCTV Music Awards 2025 Sctv Jakarta https://t.co/oGpAs3kf6F,1935222212044406954,https://pbs.twimg.com/media/GttKWHTaQAE8bop.jpg,,in,2,3,158,https://x.com/undefined/status/1935222212044406954,2305843876,2025-06-18,Greesel,Gen 11
1935202901921767432,2025-06-18 06:23:39+00:00,0,@Greesel_JKT48 Mie ayam,1935221854660411590,,Greesel_JKT48,in,0,0,0,https://x.com/undefined/status/1935221854660411590,1078458497283411968,2025-06-18,Greesel,Gen 11
1935202901921767432,2025-06-18 06:22:19+00:00,0,@Greesel_JKT48 Aku mau makan mie ayam,1935221517081788885,,Greesel_JKT48,in,0,0,0,https://x.com/undefined/status/1935221517081788885,1443498228012371972,2025-06-18,Greesel,Gen 11
1935202901921767432,2025-06-18 06:21:43+00:00,0,@Greesel_JKT48 Nasi tempe naget sosis telur,1935221366338572467,,Greesel_JKT48,in,0,0,0,https://x.com/undefined/status/1935221366338572467,1403924304203419650,2025-06-18,Greesel,Gen 11
1935202901921767432,2025-06-18 06:19:44+00:00,0,@Greesel_JKT48 Nggak ada ikan yang lain cuma adanya mie,1935220868009148552,,Greesel_JKT48,in,0,0,0,https://x.com/undefined/status/1935220868009148552,1877605420753367042,2025-06-18,Greesel,Gen 11
1935202901921767432,2025-06-18 06:18:58+00:00,0,@Greesel_JKT48 Makan sama sama mie ajaa,1935220677671579782,,Greesel_JKT48,in,0,0,0,https://x.com/undefined/status/1935220677671579782,1877605420753367042,2025-06-18,Greesel,Gen 11
1935202901921767432,2025-06-18 06:16:39+00:00,0,@Greesel_JKT48 kalo aku makan baks,1935220093694382214,,Greesel_JKT48,in,0,0,0,https://x.com/undefined/status/1935220093694382214,1229944907139309569,2025-06-18,Greesel,Gen 11
1935202901921767432,2025-06-18 06:16:12+00:00,1,@Greesel_JKT48 Setiap hari makan mie https://t.co/bPnS3AnM3D,1935219981786169690,https://pbs.twimg.com/media/GttIUToa8AAVXge.jpg,Greesel_JKT48,in,0,0,0,https://x.com/undefined/status/1935219981786169690,1909630649478397953,2025-06-18,Greesel,Gen 11
1935202901921767432,2025-06-18 06:13:44+00:00,0,@Greesel_JKT48 sama semur daging dagingnya ga habis ,1935219359124951551,,Greesel_JKT48,in,0,0,0,https://x.com/undefined/status/1935219359124951551,2892602334,2025-06-18,Greesel,Gen 11
1935202901921767432,2025-06-18 06:13:11+00:00,0,@Greesel_JKT48 Blm mamm lagi ujian,1935219222583591365,,Greesel_JKT48,in,0,0,0,https://x.com/undefined/status/1935219222583591365,1757909638820077568,2025-06-18,Greesel,Gen 11
1935202901921767432,2025-06-18 06:11:04+00:00,0,@Greesel_JKT48 Baru sarapan jadi belum mam siang,1935218688225083721,,Greesel_JKT48,in,0,0,0,https://x.com/undefined/status/1935218688225083721,1705677615082901504,2025-06-18,Greesel,Gen 11
1935202901921767432,2025-06-18 06:10:19+00:00,0,@Greesel_JKT48 Enaklah songteng aq ayam,1935218498537668940,,Greesel_JKT48,in,0,0,0,https://x.com/undefined/status/1935218498537668940,1069072554822791169,2025-06-18,Greesel,Gen 11
1935202901921767432,2025-06-18 06:10:18+00:00,0,@Greesel_JKT48 gulai sapi,1935218496104956066,,Greesel_JKT48,in,0,0,0,https://x.com/undefined/status/1935218496104956066,1182600573461286913,2025-06-18,Greesel,Gen 11
1935202901921767432,2025-06-18 06:09:59+00:00,0,@Greesel_JKT48 sama rokok aj udh kenyang wkwkwk,1935218416576860227,,Greesel_JKT48,in,0,0,0,https://x.com/undefined/status/1935218416576860227,1814688127434563585,2025-06-18,Greesel,Gen 11
1935202901921767432,2025-06-18 06:07:56+00:00,6,@Greesel_JKT48 sama temennya songteng https://t.co/nlHOqmxB1z,1935217900710957548,https://pbs.twimg.com/media/GttGEwpagAEvN-Y.jpg,Greesel_JKT48,in,0,0,0,https://x.com/undefined/status/1935217900710957548,1279650811,2025-06-18,Greesel,Gen 11
1935202901921767432,2025-06-18 06:07:07+00:00,0,@Greesel_JKT48 Opini wota speak up,1935217693537538492,,Greesel_JKT48,in,0,0,0,https://x.com/undefined/status/1935217693537538492,1702852260278247424,2025-06-18,Greesel,Gen 11
1935202901921767432,2025-06-18 06:06:58+00:00,0,@Greesel_JKT48 ngga maksi,1935217655549673524,,Greesel_JKT48,in,0,0,0,https://x.com/undefined/status/1935217655549673524,1576789765277351937,2025-06-18,Greesel,Gen 11
1935199013013438518,2025-06-18 06:06:14+00:00,0,@agv48 @Greesel_JKT48 Icel kacamata cantik nya unlimited jir,1935217470966743390,,agv48,in,0,0,0,https://x.com/undefined/status/1935217470966743390,1860313731978395655,2025-06-18,Greesel,Gen 11
1935217258151952771,2025-06-18 06:05:23+00:00,0,Mau dong @Greesel_JKT48 satu juga rasa coklat https://t.co/KCM3t0ySSG,1935217258151952771,https://pbs.twimg.com/media/GttF1thbsAA0cu2.jpg,,in,0,0,0,https://x.com/undefined/status/1935217258151952771,1851845413898457089,2025-06-18,Greesel,Gen 11
1935188314862272586,2025-06-18 06:04:31+00:00,0,@striofjr @Greesel_JKT48 @A_ChristyJKT48 @Degrees_OFC Mungkin karna mirip ya mas jadi nya manggil salah nama,1935217038743806342,,striofjr,in,0,0,0,https://x.com/undefined/status/1935217038743806342,1760113021006082048,2025-06-18,Greesel,Gen 11
1935202901921767432,2025-06-18 06:03:06+00:00,0,@Greesel_JKT48 songteng ntu baso?,1935216684652183607,,Greesel_JKT48,in,0,0,0,https://x.com/undefined/status/1935216684652183607,1274660250319110144,2025-06-18,Greesel,Gen 11
1935202901921767432,2025-06-18 05:59:34+00:00,0,@Greesel_JKT48 Blm makan,1935215793538744819,,Greesel_JKT48,in,0,0,0,https://x.com/undefined/status/1935215793538744819,3233515568,2025-06-18,Greesel,Gen 11
1935202901921767432,2025-06-18 05:58:39+00:00,0,@MrSeaChn @Greesel_JKT48 Songteng sepertinya typo dari soto sup tradisional Indonesia. Soto terdiri dari kaldu daging (biasanya ayam atau sapi) sayuran dan rempah-rempah sering disajikan dengan nasi. Ada banyak variasi seperti Soto Lamongan dengan kaldu bening atau Soto Betawi yang kaya santan.,1935215562759795011,,MrSeaChn,in,0,0,0,https://x.com/undefined/status/1935215562759795011,1720665183188922368,2025-06-18,Greesel,Gen 11
1935202901921767432,2025-06-18 05:56:49+00:00,0,@Greesel_JKT48 Ga makan,1935215103596708069,,Greesel_JKT48,in,0,0,0,https://x.com/undefined/status/1935215103596708069,1589981289603440640,2025-06-18,Greesel,Gen 11
1935202901921767432,2025-06-18 05:56:49+00:00,0,@Greesel_JKT48 @grok apa itu makanan songteng?,1935215101365338554,,Greesel_JKT48,in,0,1,0,https://x.com/undefined/status/1935215101365338554,1737120195112738816,2025-06-18,Greesel,Gen 11
1935202901921767432,2025-06-18 05:53:36+00:00,0,@Greesel_JKT48 Gak makan,1935214290723815662,,Greesel_JKT48,in,0,0,0,https://x.com/undefined/status/1935214290723815662,1325437288378060800,2025-06-18,Greesel,Gen 11
1935202901921767432,2025-06-18 05:53:35+00:00,0,@Greesel_JKT48 Aku daging santan tadi,1935214287615836354,,Greesel_JKT48,in,0,0,0,https://x.com/undefined/status/1935214287615836354,1788101733740392448,2025-06-18,Greesel,Gen 11
1935188314862272586,2025-06-18 05:53:29+00:00,1,@RanggaFtg @Greesel_JKT48 @A_ChristyJKT48 @Degrees_OFC malu bgt,1935214262156411343,,RanggaFtg,in,0,1,0,https://x.com/undefined/status/1935214262156411343,1742498181278216192,2025-06-18,Greesel,Gen 11
1935188314862272586,2025-06-18 05:53:14+00:00,0,@whit33sw0rd @Greesel_JKT48 @A_ChristyJKT48 @Degrees_OFC dikitt,1935214201380946175,,whit33sw0rd,in,0,0,0,https://x.com/undefined/status/1935214201380946175,1742498181278216192,2025-06-18,Greesel,Gen 11
1935202901921767432,2025-06-18 05:53:05+00:00,0,@Greesel_JKT48 aku makan ayam sambel matah cel,1935214162134856180,,Greesel_JKT48,in,0,0,0,https://x.com/undefined/status/1935214162134856180,1345946803355623424,2025-06-18,Greesel,Gen 11
1935202901921767432,2025-06-18 05:52:34+00:00,0,@Greesel_JKT48 Gepuk,1935214033206137074,,Greesel_JKT48,in,0,0,0,https://x.com/undefined/status/1935214033206137074,1608138095605731328,2025-06-18,Greesel,Gen 11
1935202901921767432,2025-06-18 05:51:54+00:00,0,@Greesel_JKT48 kalo cilok enak kali ya,1935213864326676522,,Greesel_JKT48,in,0,0,0,https://x.com/undefined/status/1935213864326676522,2349416729,2025-06-18,Greesel,Gen 11
1935202901921767432,2025-06-18 05:50:33+00:00,0,@Greesel_JKT48 Klau makan pake tangan cel,1935213526848782745,,Greesel_JKT48,in,0,0,0,https://x.com/undefined/status/1935213526848782745,1805363261480763392,2025-06-18,Greesel,Gen 11
1935202901921767432,2025-06-18 05:49:40+00:00,0,@Greesel_JKT48 ga mam siang,1935213303099441479,,Greesel_JKT48,in,0,0,0,https://x.com/undefined/status/1935213303099441479,1768826392949719040,2025-06-18,Greesel,Gen 11
1935130611154567613,2025-06-18 05:49:19+00:00,0,@zilauwiaa @A_LuluJKT48 @Greesel_JKT48 terimakasihhh kakk,1935213213408440556,,zilauwiaa,in,0,0,0,https://x.com/undefined/status/1935213213408440556,1794649191261908992,2025-06-18,Greesel,Gen 11
1935202901921767432,2025-06-18 05:49:00+00:00,0,@Greesel_JKT48 belom makan,1935213136392634529,,Greesel_JKT48,in,0,0,0,https://x.com/undefined/status/1935213136392634529,1528437714252865536,2025-06-18,Greesel,Gen 11
1935202901921767432,2025-06-18 05:48:28+00:00,0,@Greesel_JKT48 aku makan ayam geprek,1935213000602059083,,Greesel_JKT48,in,0,0,0,https://x.com/undefined/status/1935213000602059083,1390136968965545986,2025-06-18,Greesel,Gen 11
1935188314862272586,2025-06-18 05:48:20+00:00,0,@striofjr @Greesel_JKT48 @A_ChristyJKT48 @Degrees_OFC rabun ya mas?,1935212967680958611,,striofjr,in,0,1,0,https://x.com/undefined/status/1935212967680958611,1244858068782862337,2025-06-18,Greesel,Gen 11
1935202901921767432,2025-06-18 05:47:54+00:00,0,@Greesel_JKT48 sama ayam geprek,1935212858062815629,,Greesel_JKT48,in,0,0,0,https://x.com/undefined/status/1935212858062815629,1655201108577615872,2025-06-18,Greesel,Gen 11
1935202901921767432,2025-06-18 05:46:39+00:00,0,@Greesel_JKT48 Aku makan pake soto ayam songteng itu tongseng bukan si? Wkwk,1935212541430607888,,Greesel_JKT48,in,0,0,0,https://x.com/undefined/status/1935212541430607888,1272740115610099712,2025-06-18,Greesel,Gen 11
1935202901921767432,2025-06-18 05:46:16+00:00,0,@Greesel_JKT48 Gatau bingung,1935212448107426101,,Greesel_JKT48,in,0,0,0,https://x.com/undefined/status/1935212448107426101,1395638307724300291,2025-06-18,Greesel,Gen 11
1935202901921767432,2025-06-18 05:45:35+00:00,0,@Greesel_JKT48 Ngemil doang cel https://t.co/5BYkOLFrOD,1935212274681266413,https://pbs.twimg.com/media/GttBTTLaQAIRiJw.jpg,Greesel_JKT48,in,0,0,0,https://x.com/undefined/status/1935212274681266413,1660966130411003904,2025-06-18,Greesel,Gen 11
1935202901921767432,2025-06-18 05:35:10+00:00,0,@Greesel_JKT48 Makan nasi ayam goreng srundeng pake urap https://t.co/IjjfbfZdB4,1935209653132296663,https://pbs.twimg.com/media/Gts-7FPaQAEOg2g.jpg,Greesel_JKT48,in,0,0,0,https://x.com/undefined/status/1935209653132296663,590872461,2025-06-18,Greesel,Gen 11
1935202901921767432,2025-06-18 05:34:51+00:00,0,@Greesel_JKT48 belom sempet euy,1935209572345823520,,Greesel_JKT48,in,0,0,0,https://x.com/undefined/status/1935209572345823520,952329617318207489,2025-06-18,Greesel,Gen 11
1935202901921767432,2025-06-18 05:34:14+00:00,0,@Greesel_JKT48 makan cel https://t.co/DtGkBhRyYT,1935209417429106917,https://pbs.twimg.com/media/Gts-tZJaQAIzLGZ.jpg,Greesel_JKT48,in,0,0,0,https://x.com/undefined/status/1935209417429106917,1493670293138591747,2025-06-18,Greesel,Gen 11
1935202901921767432,2025-06-18 05:33:41+00:00,0,@Greesel_JKT48 Sidang. Nasi padang.,1935209278677389460,,Greesel_JKT48,in,0,0,0,https://x.com/undefined/status/1935209278677389460,1027860735932551168,2025-06-18,Greesel,Gen 11
1935202901921767432,2025-06-18 05:32:26+00:00,0,@Greesel_JKT48 Blm makan,1935208966616924509,,Greesel_JKT48,in,0,0,0,https://x.com/undefined/status/1935208966616924509,1640959484825862144,2025-06-18,Greesel,Gen 11
1935202901921767432,2025-06-18 05:32:25+00:00,0,@Greesel_JKT48 Belum tau nih masih cari² hehe Met maksi icell,1935208961868972138,,Greesel_JKT48,in,0,0,0,https://x.com/undefined/status/1935208961868972138,1210590194262392833,2025-06-18,Greesel,Gen 11
1935202901921767432,2025-06-18 05:32:23+00:00,1,@Greesel_JKT48 SONGTENG APAAN,1935208950938615877,,Greesel_JKT48,in,0,0,0,https://x.com/undefined/status/1935208950938615877,1674592604070223873,2025-06-18,Greesel,Gen 11
1935202901921767432,2025-06-18 05:32:11+00:00,1,@Greesel_JKT48 aku bakso,1935208903874318671,,Greesel_JKT48,in,0,0,0,https://x.com/undefined/status/1935208903874318671,1674592604070223873,2025-06-18,Greesel,Gen 11
1935202901921767432,2025-06-18 05:31:26+00:00,0,@Greesel_JKT48 Ini juga lagi makan di warteg nona icel https://t.co/MoS5zwxNwm,1935208714975482342,https://pbs.twimg.com/media/Gts-ED8bEAAVm1d.jpg,Greesel_JKT48,in,0,0,0,https://x.com/undefined/status/1935208714975482342,1884245611408728064,2025-06-18,Greesel,Gen 11
1935202901921767432,2025-06-18 05:31:08+00:00,0,@Greesel_JKT48 Belum maksi aku,1935208640128106852,,Greesel_JKT48,in,0,0,0,https://x.com/undefined/status/1935208640128106852,1489599516047122433,2025-06-18,Greesel,Gen 11
1935202901921767432,2025-06-18 05:31:00+00:00,0,@Greesel_JKT48 makan cintaku sayangku duniaku ayam geybok,1935208604413673869,,Greesel_JKT48,in,0,0,0,https://x.com/undefined/status/1935208604413673869,1074339391420559360,2025-06-18,Greesel,Gen 11
1935202901921767432,2025-06-18 05:30:47+00:00,0,@Greesel_JKT48 belum makan aku mah kamu makan tongseng?,1935208548700668380,,Greesel_JKT48,in,0,0,0,https://x.com/undefined/status/1935208548700668380,1742936577364631553,2025-06-18,Greesel,Gen 11
1935202901921767432,2025-06-18 05:29:55+00:00,0,@Greesel_JKT48 Pake ayam semur,1935208331179868323,,Greesel_JKT48,in,0,0,0,https://x.com/undefined/status/1935208331179868323,1571645312523018240,2025-06-18,Greesel,Gen 11
1935202901921767432,2025-06-18 05:29:20+00:00,0,@Greesel_JKT48 Aku makan soto Banjar Hehe Itadakimasu,1935208185750778156,,Greesel_JKT48,in,0,0,0,https://x.com/undefined/status/1935208185750778156,725891288176824322,2025-06-18,Greesel,Gen 11
1935202901921767432,2025-06-18 05:29:14+00:00,0,@Greesel_JKT48 aku sii ayam geprek ya,1935208160597529083,,Greesel_JKT48,in,0,0,0,https://x.com/undefined/status/1935208160597529083,1479201844136054784,2025-06-18,Greesel,Gen 11
1935202901921767432,2025-06-18 05:28:36+00:00,0,@headbangforlife @Greesel_JKT48 Kenapa dihapus ih yg tadi kak shiro,1935208000698073518,,headbangforlife,in,0,1,0,https://x.com/undefined/status/1935208000698073518,823047410,2025-06-18,Greesel,Gen 11
1935202901921767432,2025-06-18 05:28:29+00:00,0,@Greesel_JKT48 Tong setan? ,1935207970847211691,,Greesel_JKT48,in,0,0,0,https://x.com/undefined/status/1935207970847211691,1611743101806342145,2025-06-18,Greesel,Gen 11
1935202901921767432,2025-06-18 05:27:48+00:00,1,@Greesel_JKT48 belum makan si tapi tadi lihat di meja makan ada sop daging sama perkedel kentang,1935207800210342361,,Greesel_JKT48,in,0,0,0,https://x.com/undefined/status/1935207800210342361,1805090805239214080,2025-06-18,Greesel,Gen 11
1935202901921767432,2025-06-18 05:22:27+00:00,0,@Greesel_JKT48 Aku nasi kuning+ayam,1935206453654286418,,Greesel_JKT48,in,0,0,0,https://x.com/undefined/status/1935206453654286418,1791306143073280000,2025-06-18,Greesel,Gen 11
1935202901921767432,2025-06-18 05:22:17+00:00,0,@Greesel_JKT48 Belom makan masih kerja belom istirahat ,1935206412747161729,,Greesel_JKT48,in,0,0,0,https://x.com/undefined/status/1935206412747161729,1496168338812129284,2025-06-18,Greesel,Gen 11
1935202901921767432,2025-06-18 05:21:45+00:00,0,@Greesel_JKT48 Tidak makan kak,1935206275195056225,,Greesel_JKT48,in,0,0,0,https://x.com/undefined/status/1935206275195056225,1831538439281627136,2025-06-18,Greesel,Gen 11
1935202901921767432,2025-06-18 05:21:39+00:00,0,@Greesel_JKT48 nasi padang cell,1935206251560059122,,Greesel_JKT48,in,0,0,0,https://x.com/undefined/status/1935206251560059122,1565118319644254209,2025-06-18,Greesel,Gen 11
1935202901921767432,2025-06-18 05:21:34+00:00,1,@Greesel_JKT48 ak mam nasi sayur bening ikan bakar sama pake sambell,1935206229078589495,,Greesel_JKT48,in,0,0,0,https://x.com/undefined/status/1935206229078589495,1685669613974282240,2025-06-18,Greesel,Gen 11
1935202901921767432,2025-06-18 05:20:39+00:00,0,@Greesel_JKT48 Songteng atau tongseng ,1935206001080418462,,Greesel_JKT48,in,0,0,0,https://x.com/undefined/status/1935206001080418462,1813886706866905088,2025-06-18,Greesel,Gen 11
1935202901921767432,2025-06-18 05:20:23+00:00,0,@Greesel_JKT48 Nasi.,1935205933594066953,,Greesel_JKT48,in,0,0,0,https://x.com/undefined/status/1935205933594066953,1266130709627863040,2025-06-18,Greesel,Gen 11
1935202901921767432,2025-06-18 05:20:18+00:00,0,@Greesel_JKT48 Sayur asem sama sambel,1935205912475746633,,Greesel_JKT48,in,0,0,0,https://x.com/undefined/status/1935205912475746633,1811252662660472832,2025-06-18,Greesel,Gen 11
1935202901921767432,2025-06-18 05:20:16+00:00,0,@Greesel_JKT48 nadang pasi,1935205904942776803,,Greesel_JKT48,in,0,0,0,https://x.com/undefined/status/1935205904942776803,1363490790996013058,2025-06-18,Greesel,Gen 11
1935202901921767432,2025-06-18 05:20:16+00:00,0,@Greesel_JKT48 Songteng tuh apa,1935205904187863455,,Greesel_JKT48,in,0,0,0,https://x.com/undefined/status/1935205904187863455,2268119610,2025-06-18,Greesel,Gen 11
1935202901921767432,2025-06-18 05:20:08+00:00,0,@Greesel_JKT48 masih mikir sii,1935205868599132612,,Greesel_JKT48,in,0,0,0,https://x.com/undefined/status/1935205868599132612,1735444021185806336,2025-06-18,Greesel,Gen 11
1935202901921767432,2025-06-18 05:19:19+00:00,0,@Greesel_JKT48 ayam kabar,1935205664013565957,,Greesel_JKT48,in,0,0,0,https://x.com/undefined/status/1935205664013565957,1518646354360225792,2025-06-18,Greesel,Gen 11
1935202901921767432,2025-06-18 05:19:02+00:00,0,@Greesel_JKT48 Makan tempe goreng cel niatnya mau pake sambel ulek tapi kok ya mager nguleknya,1935205595268923431,,Greesel_JKT48,in,0,0,0,https://x.com/undefined/status/1935205595268923431,1552608638183047170,2025-06-18,Greesel,Gen 11
1935202901921767432,2025-06-18 05:18:38+00:00,0,@Greesel_JKT48 belum maksi ‍,1935205491401269493,,Greesel_JKT48,in,0,0,0,https://x.com/undefined/status/1935205491401269493,1665572633356935168,2025-06-18,Greesel,Gen 11
1935202901921767432,2025-06-18 05:18:35+00:00,1,@Greesel_JKT48 Aku sama mie ayam dan naspad,1935205481632649261,,Greesel_JKT48,in,0,0,0,https://x.com/undefined/status/1935205481632649261,1702813969466179584,2025-06-18,Greesel,Gen 11
1935202901921767432,2025-06-18 05:18:25+00:00,0,@Greesel_JKT48 nasi,1935205436229304615,,Greesel_JKT48,in,0,0,0,https://x.com/undefined/status/1935205436229304615,1652135600831729665,2025-06-18,Greesel,Gen 11
1935202901921767432,2025-06-18 05:18:17+00:00,0,@Greesel_JKT48 ayam goyeng nonn,1935205403316605413,,Greesel_JKT48,in,0,0,0,https://x.com/undefined/status/1935205403316605413,1699732424232779776,2025-06-18,Greesel,Gen 11
1935202901921767432,2025-06-18 05:18:12+00:00,0,@Greesel_JKT48 makan ikan kering dan nasi putih,1935205384966611261,,Greesel_JKT48,in,0,0,0,https://x.com/undefined/status/1935205384966611261,1712984799009521664,2025-06-18,Greesel,Gen 11
1935202901921767432,2025-06-18 05:13:14+00:00,0,@Greesel_JKT48 Aku lumpia basah,1935204134334201885,,Greesel_JKT48,in,0,0,0,https://x.com/undefined/status/1935204134334201885,1223073013442105344,2025-06-18,Greesel,Gen 11
1935202901921767432,2025-06-18 05:13:13+00:00,0,@Greesel_JKT48 apa itu songteng,1935204130789917055,,Greesel_JKT48,in,0,0,0,https://x.com/undefined/status/1935204130789917055,1175396335958102022,2025-06-18,Greesel,Gen 11
1935202901921767432,2025-06-18 05:13:12+00:00,0,@Greesel_JKT48 Apa tuh songtengg gatauuu,1935204126666985912,,Greesel_JKT48,in,0,0,0,https://x.com/undefined/status/1935204126666985912,1886267472770457600,2025-06-18,Greesel,Gen 11
1935202901921767432,2025-06-18 05:13:09+00:00,0,@Greesel_JKT48 Tadi udah makan di nikahan orang wkwkwkk,1935204111777153235,,Greesel_JKT48,in,0,0,0,https://x.com/undefined/status/1935204111777153235,1664431964450074625,2025-06-18,Greesel,Gen 11
1935202901921767432,2025-06-18 05:12:54+00:00,0,@Greesel_JKT48 songteng oseng klateng ya cel,1935204051723108474,,Greesel_JKT48,in,0,0,0,https://x.com/undefined/status/1935204051723108474,1824494368784519168,2025-06-18,Greesel,Gen 11
1935202901921767432,2025-06-18 05:12:29+00:00,0,@Greesel_JKT48 belum maksi aku kaicel,1935203943501676923,,Greesel_JKT48,in,0,0,0,https://x.com/undefined/status/1935203943501676923,1543866162563260416,2025-06-18,Greesel,Gen 11
1935202901921767432,2025-06-18 05:12:20+00:00,0,@Greesel_JKT48 nasi bakar cell met mam cell,1935203906830864463,,Greesel_JKT48,in,0,0,0,https://x.com/undefined/status/1935203906830864463,1683425882764111872,2025-06-18,Greesel,Gen 11
1935202901921767432,2025-06-18 05:12:19+00:00,1,@Greesel_JKT48 Ayam goreng,1935203904423346210,,Greesel_JKT48,in,0,0,0,https://x.com/undefined/status/1935203904423346210,1736289162805104640,2025-06-18,Greesel,Gen 11
1935202901921767432,2025-06-18 05:12:10+00:00,0,@Greesel_JKT48 Makan sayur cell,1935203867274395780,,Greesel_JKT48,in,0,0,0,https://x.com/undefined/status/1935203867274395780,1734837035792564225,2025-06-18,Greesel,Gen 11
1935202901921767432,2025-06-18 05:12:08+00:00,0,@Greesel_JKT48 Akuu ayam goyengg cell,1935203857262588026,,Greesel_JKT48,in,0,0,0,https://x.com/undefined/status/1935203857262588026,1661288876215013377,2025-06-18,Greesel,Gen 11
1935202901921767432,2025-06-18 05:12:07+00:00,0,@Greesel_JKT48 Aku belum makan. BTW Songteng apaan dah? Coba pap,1935203851763851737,,Greesel_JKT48,in,0,0,0,https://x.com/undefined/status/1935203851763851737,1254063189680984065,2025-06-18,Greesel,Gen 11
1935202901921767432,2025-06-18 05:12:05+00:00,0,@Greesel_JKT48 kalau aku ayang gorem cel,1935203845417877551,,Greesel_JKT48,in,0,0,0,https://x.com/undefined/status/1935203845417877551,1758104770970300416,2025-06-18,Greesel,Gen 11
1935202901921767432,2025-06-18 05:12:00+00:00,6,@Greesel_JKT48 makan siang ama pacar https://t.co/gngFuS1ZLm,1935203823561429137,https://pbs.twimg.com/media/Gts5nyDasAATu-L.jpg,Greesel_JKT48,in,0,2,1,https://x.com/undefined/status/1935203823561429137,2372974890,2025-06-18,Greesel,Gen 11
1935202901921767432,2025-06-18 05:11:50+00:00,0,@Greesel_JKT48 Aku makan gnetgnos,1935203780532015496,,Greesel_JKT48,in,0,0,0,https://x.com/undefined/status/1935203780532015496,578209822,2025-06-18,Greesel,Gen 11
1935202901921767432,2025-06-18 05:11:47+00:00,0,@Greesel_JKT48 gak tau ni bu polda masak apaan. https://t.co/hW1nGzfXRA,1935203769672986953,https://pbs.twimg.com/media/Gts5jZQaYAA_Cxu.jpg,Greesel_JKT48,in,0,0,0,https://x.com/undefined/status/1935203769672986953,1121967400285396992,2025-06-18,Greesel,Gen 11
1935202901921767432,2025-06-18 05:11:39+00:00,0,@Greesel_JKT48 Aku makan naspad,1935203733962695148,,Greesel_JKT48,in,0,0,0,https://x.com/undefined/status/1935203733962695148,1665927480467918848,2025-06-18,Greesel,Gen 11
1935202901921767432,2025-06-18 05:11:38+00:00,0,@Greesel_JKT48 Tongseng gk sih,1935203730292621401,,Greesel_JKT48,in,0,0,0,https://x.com/undefined/status/1935203730292621401,607671758,2025-06-18,Greesel,Gen 11
1935202901921767432,2025-06-18 05:11:35+00:00,0,@Greesel_JKT48 Belum tau tapi gak jauh-jauh dari ayam. Btw songteng apa? Tongseng kah?,1935203719584547186,,Greesel_JKT48,in,0,0,0,https://x.com/undefined/status/1935203719584547186,3307600430,2025-06-18,Greesel,Gen 11
1935202901921767432,2025-06-18 05:11:21+00:00,1,@Greesel_JKT48 Makanan apa tuh songteng?,1935203658695852356,,Greesel_JKT48,in,0,0,0,https://x.com/undefined/status/1935203658695852356,1718667011059007488,2025-06-18,Greesel,Gen 11
1935199013013438518,2025-06-18 05:11:18+00:00,0,@agv48 @Greesel_JKT48 Lucukkk,1935203646855319598,,agv48,in,0,0,0,https://x.com/undefined/status/1935203646855319598,1687298253782650880,2025-06-18,Greesel,Gen 11
1935202901921767432,2025-06-18 05:11:12+00:00,0,@Greesel_JKT48 Aku makan maya goreng,1935203620594794582,,Greesel_JKT48,in,0,0,0,https://x.com/undefined/status/1935203620594794582,1668217486196736000,2025-06-18,Greesel,Gen 11
1935202901921767432,2025-06-18 05:11:11+00:00,0,@Greesel_JKT48 Gen ditanyain tuh @thejurgenholic,1935203619877654834,,Greesel_JKT48,in,0,0,0,https://x.com/undefined/status/1935203619877654834,1288089576171433984,2025-06-18,Greesel,Gen 11
1935202901921767432,2025-06-18 05:11:10+00:00,0,@Greesel_JKT48 Songteng pasi?,1935203611711258903,,Greesel_JKT48,in,0,0,0,https://x.com/undefined/status/1935203611711258903,1544991724216283138,2025-06-18,Greesel,Gen 11
1935202901921767432,2025-06-18 05:11:05+00:00,0,@Greesel_JKT48 Sama kopi non,1935203590760701999,,Greesel_JKT48,in,0,0,0,https://x.com/undefined/status/1935203590760701999,1589527819251392512,2025-06-18,Greesel,Gen 11
1935202901921767432,2025-06-18 05:11:03+00:00,0,@Greesel_JKT48 Lagi Bulking makan Daging + Nasi Seabreg ,1935203583726862835,,Greesel_JKT48,in,0,0,0,https://x.com/undefined/status/1935203583726862835,1557248592364335104,2025-06-18,Greesel,Gen 11
1935202901921767432,2025-06-18 05:11:00+00:00,0,@Greesel_JKT48 Belum makan,1935203573614395746,,Greesel_JKT48,in,0,0,0,https://x.com/undefined/status/1935203573614395746,1224155925751025664,2025-06-18,Greesel,Gen 11
1935202901921767432,2025-06-18 05:10:55+00:00,0,@Greesel_JKT48 apa lagi itu tuhan wkwk,1935203551246172654,,Greesel_JKT48,in,0,0,0,https://x.com/undefined/status/1935203551246172654,1668093666421002243,2025-06-18,Greesel,Gen 11
1935202901921767432,2025-06-18 05:10:52+00:00,0,@Greesel_JKT48 Akusih maksi nya udah rangkap sama sarapan tadi pagi,1935203537438601713,,Greesel_JKT48,in,0,0,0,https://x.com/undefined/status/1935203537438601713,1273066500551618562,2025-06-18,Greesel,Gen 11
1935202901921767432,2025-06-18 05:10:51+00:00,0,@Greesel_JKT48 Warteg nih. Km met mam cel,1935203534296989982,,Greesel_JKT48,in,0,0,0,https://x.com/undefined/status/1935203534296989982,726194628,2025-06-18,Greesel,Gen 11
1935202901921767432,2025-06-18 05:10:49+00:00,0,@Greesel_JKT48 mie ayam,1935203524591444246,,Greesel_JKT48,in,0,0,0,https://x.com/undefined/status/1935203524591444246,1284011735943278594,2025-06-18,Greesel,Gen 11
1935202901921767432,2025-06-18 05:10:28+00:00,1,@Greesel_JKT48 makan ayam gorenggg,1935203439165980745,,Greesel_JKT48,in,0,0,0,https://x.com/undefined/status/1935203439165980745,1532809872882176002,2025-06-18,Greesel,Gen 11
1935202901921767432,2025-06-18 05:10:27+00:00,0,@Greesel_JKT48 Nasi telor kuah kari,1935203433403076787,,Greesel_JKT48,in,0,0,0,https://x.com/undefined/status/1935203433403076787,1819689440908083200,2025-06-18,Greesel,Gen 11
1935202901921767432,2025-06-18 05:10:24+00:00,0,@Greesel_JKT48 belom makan siang,1935203420392321098,,Greesel_JKT48,in,0,0,0,https://x.com/undefined/status/1935203420392321098,1325239544191414274,2025-06-18,Greesel,Gen 11
1935202901921767432,2025-06-18 05:10:23+00:00,0,@Greesel_JKT48 Aku makan ricebowl ayam blackpaper tapi baru beli aja belum di makan,1935203417758253200,,Greesel_JKT48,in,0,0,0,https://x.com/undefined/status/1935203417758253200,1837505661325963264,2025-06-18,Greesel,Gen 11
1935202901921767432,2025-06-18 05:10:17+00:00,0,@Greesel_JKT48 gatau,1935203392093307359,,Greesel_JKT48,in,0,0,0,https://x.com/undefined/status/1935203392093307359,1754955078191218688,2025-06-18,Greesel,Gen 11
1935202901921767432,2025-06-18 05:10:15+00:00,2,@Greesel_JKT48 Aku makan ayam,1935203385017594287,,Greesel_JKT48,in,0,0,0,https://x.com/undefined/status/1935203385017594287,78565229,2025-06-18,Greesel,Gen 11
1935202901921767432,2025-06-18 05:10:11+00:00,0,@Greesel_JKT48 akuu tadii makann gulai ikann,1935203366227034286,,Greesel_JKT48,in,0,0,0,https://x.com/undefined/status/1935203366227034286,1803287187313795072,2025-06-18,Greesel,Gen 11
1935202901921767432,2025-06-18 05:10:08+00:00,0,@Greesel_JKT48 Songteng apa?,1935203355011465561,,Greesel_JKT48,in,0,0,0,https://x.com/undefined/status/1935203355011465561,1871472136575156224,2025-06-18,Greesel,Gen 11
1935202901921767432,2025-06-18 05:10:07+00:00,0,@Greesel_JKT48 aku tempe orekkk,1935203350469067096,,Greesel_JKT48,in,0,0,0,https://x.com/undefined/status/1935203350469067096,1869699415289769984,2025-06-18,Greesel,Gen 11
1935202901921767432,2025-06-18 05:10:06+00:00,0,@Greesel_JKT48 Songteng lebihan kmrn yah? Kok ingin juga .,1935203344978776178,,Greesel_JKT48,in,0,0,0,https://x.com/undefined/status/1935203344978776178,2315673121,2025-06-18,Greesel,Gen 11
1935202901921767432,2025-06-18 05:10:03+00:00,0,@Greesel_JKT48 tongseng dong,1935203334203523374,,Greesel_JKT48,in,0,0,0,https://x.com/undefined/status/1935203334203523374,1686370042718617600,2025-06-18,Greesel,Gen 11
1935202901921767432,2025-06-18 05:10:02+00:00,1,@Greesel_JKT48 Belum laper sihh nanti aja ,1935203328268583407,,Greesel_JKT48,in,0,0,0,https://x.com/undefined/status/1935203328268583407,1740333310042378240,2025-06-18,Greesel,Gen 11
1935202901921767432,2025-06-18 05:09:59+00:00,0,@Greesel_JKT48 Ntar aku Pap,1935203316461617560,,Greesel_JKT48,in,0,0,0,https://x.com/undefined/status/1935203316461617560,1666728085239238657,2025-06-18,Greesel,Gen 11
1935202901921767432,2025-06-18 05:09:56+00:00,0,@Greesel_JKT48 aku udah selesai makannya.. tadi pake ayam kalasan ,1935203304084312274,,Greesel_JKT48,in,0,0,0,https://x.com/undefined/status/1935203304084312274,1563070900978974721,2025-06-18,Greesel,Gen 11
1935202901921767432,2025-06-18 05:09:55+00:00,0,@Greesel_JKT48 aku tadi masak celor teplok tambah usus skripsi sama nasi,1935203298052817127,,Greesel_JKT48,in,0,0,0,https://x.com/undefined/status/1935203298052817127,1455849887849844736,2025-06-18,Greesel,Gen 11
1935202901921767432,2025-06-18 05:09:49+00:00,0,@Greesel_JKT48 Aram Goyeng,1935203275688853778,,Greesel_JKT48,in,0,0,0,https://x.com/undefined/status/1935203275688853778,1520793793041420289,2025-06-18,Greesel,Gen 11
1935202901921767432,2025-06-18 05:09:37+00:00,0,@Greesel_JKT48 songteng apaan dah itu?,1935203221787787767,,Greesel_JKT48,in,0,0,0,https://x.com/undefined/status/1935203221787787767,1695065346724532224,2025-06-18,Greesel,Gen 11
1935202901921767432,2025-06-18 05:09:30+00:00,0,@Greesel_JKT48 Aku makan rendang + nasi sayur asem,1935203195342700658,,Greesel_JKT48,in,0,0,0,https://x.com/undefined/status/1935203195342700658,1489133073778102274,2025-06-18,Greesel,Gen 11
1935202901921767432,2025-06-18 05:09:30+00:00,0,@Greesel_JKT48 Nasi Padang,1935203194562560095,,Greesel_JKT48,in,0,0,0,https://x.com/undefined/status/1935203194562560095,1191038303887212545,2025-06-18,Greesel,Gen 11
1935202901921767432,2025-06-18 05:09:26+00:00,0,@Greesel_JKT48 Diajarin sapa,1935203178490060951,,Greesel_JKT48,in,0,0,0,https://x.com/undefined/status/1935203178490060951,456300712,2025-06-18,Greesel,Gen 11
1935202901921767432,2025-06-18 05:09:22+00:00,0,@Greesel_JKT48 sama angin alias bentar lagi baru mau makan. met maksi ya,1935203159489790458,,Greesel_JKT48,in,0,0,0,https://x.com/undefined/status/1935203159489790458,531956593,2025-06-18,Greesel,Gen 11
1935202901921767432,2025-06-18 05:09:21+00:00,1,@Greesel_JKT48 lagi buat ayam asam manis nih tapi kok rasanya masih asam doang ya? oiya lupa manisnya udah di kamu semua,1935203155635224915,,Greesel_JKT48,in,0,1,0,https://x.com/undefined/status/1935203155635224915,875666272754651137,2025-06-18,Greesel,Gen 11
1935202901921767432,2025-06-18 05:09:20+00:00,0,@Greesel_JKT48 Apa aja yang di masak ibu kau mau coba masakan ibu ku gak ?,1935203153970151924,,Greesel_JKT48,in,0,0,0,https://x.com/undefined/status/1935203153970151924,1592847477723787265,2025-06-18,Greesel,Gen 11
1935202901921767432,2025-06-18 05:09:19+00:00,0,@Greesel_JKT48 Aku makan nugget aja sih cel tadi makan siang nya,1935203148723011967,,Greesel_JKT48,in,0,0,0,https://x.com/undefined/status/1935203148723011967,1737059580973383680,2025-06-18,Greesel,Gen 11
1935202901921767432,2025-06-18 05:09:17+00:00,0,@Greesel_JKT48 aku makan mie goreng,1935203139256467576,,Greesel_JKT48,in,0,0,0,https://x.com/undefined/status/1935203139256467576,1588173263179767809,2025-06-18,Greesel,Gen 11
1935202901921767432,2025-06-18 05:09:12+00:00,0,@Greesel_JKT48 blm makan aku mah,1935203116884049999,,Greesel_JKT48,in,0,0,0,https://x.com/undefined/status/1935203116884049999,150573018,2025-06-18,Greesel,Gen 11
1935202901921767432,2025-06-18 05:09:09+00:00,1,@Greesel_JKT48 mang enak makan tongseng siang²?,1935203104804552779,,Greesel_JKT48,in,0,0,0,https://x.com/undefined/status/1935203104804552779,1682671236739112961,2025-06-18,Greesel,Gen 11
1935202901921767432,2025-06-18 05:09:08+00:00,0,@Greesel_JKT48 Apaan songteng,1935203103487443461,,Greesel_JKT48,in,0,0,0,https://x.com/undefined/status/1935203103487443461,1685163558018097152,2025-06-18,Greesel,Gen 11
1935202901921767432,2025-06-18 05:09:07+00:00,0,@Greesel_JKT48 Songteng? Sok ngganteng?,1935203099741929761,,Greesel_JKT48,in,0,0,0,https://x.com/undefined/status/1935203099741929761,1818736631865905152,2025-06-18,Greesel,Gen 11
1935202901921767432,2025-06-18 05:09:06+00:00,3,@Greesel_JKT48 songteng apaan lagi jierr..,1935203094134178085,,Greesel_JKT48,in,0,0,0,https://x.com/undefined/status/1935203094134178085,1236140851924877314,2025-06-18,Greesel,Gen 11
1935202901921767432,2025-06-18 05:09:05+00:00,0,@Greesel_JKT48 songteng apaan?,1935203090103468455,,Greesel_JKT48,in,0,0,0,https://x.com/undefined/status/1935203090103468455,1400404619700756480,2025-06-18,Greesel,Gen 11
1935202901921767432,2025-06-18 05:09:04+00:00,0,@Greesel_JKT48 Makan soto enak banget siang² gini,1935203083925209233,,Greesel_JKT48,in,0,0,0,https://x.com/undefined/status/1935203083925209233,1870992110138400768,2025-06-18,Greesel,Gen 11
1935202901921767432,2025-06-18 05:09:00+00:00,0,@Greesel_JKT48 Belum makan siang https://t.co/auN91mN3g2,1935203068821520635,https://pbs.twimg.com/media/Gts474JaQAIZ6yO.jpg,Greesel_JKT48,in,0,0,0,https://x.com/undefined/status/1935203068821520635,1609207122885238784,2025-06-18,Greesel,Gen 11
1935202901921767432,2025-06-18 05:09:00+00:00,4,@Greesel_JKT48 Nasi padang pake tunjang cel,1935203067731022245,,Greesel_JKT48,in,0,0,1,https://x.com/undefined/status/1935203067731022245,1772125426703638528,2025-06-18,Greesel,Gen 11
1935202901921767432,2025-06-18 05:09:00+00:00,0,@Greesel_JKT48 aku nyemil risol mayo cell,1935203067647115581,,Greesel_JKT48,in,0,0,0,https://x.com/undefined/status/1935203067647115581,1671529130687332355,2025-06-18,Greesel,Gen 11
1935202901921767432,2025-06-18 05:09:00+00:00,0,@Greesel_JKT48 makan capcay,1935203067479343270,,Greesel_JKT48,in,0,0,0,https://x.com/undefined/status/1935203067479343270,1235790028124504064,2025-06-18,Greesel,Gen 11
1935202901921767432,2025-06-18 05:08:50+00:00,0,@Greesel_JKT48 belom,1935203024919744960,,Greesel_JKT48,in,0,0,0,https://x.com/undefined/status/1935203024919744960,1062764721575608320,2025-06-18,Greesel,Gen 11
1935202901921767432,2025-06-18 05:08:50+00:00,0,@Greesel_JKT48 Aku makan siang kupat tahu,1935203024567517573,,Greesel_JKT48,in,0,0,0,https://x.com/undefined/status/1935203024567517573,1819416850733862912,2025-06-18,Greesel,Gen 11
1935202901921767432,2025-06-18 05:08:49+00:00,0,@Greesel_JKT48 Aku belum makan sih tapi lagi minum juk jerus,1935203023686615206,,Greesel_JKT48,in,0,0,0,https://x.com/undefined/status/1935203023686615206,1555475904624984064,2025-06-18,Greesel,Gen 11
1935202901921767432,2025-06-18 05:08:49+00:00,0,@Greesel_JKT48 Aku makan perkedel potato cel ️,1935203020868096126,,Greesel_JKT48,in,0,0,0,https://x.com/undefined/status/1935203020868096126,1300415665392611328,2025-06-18,Greesel,Gen 11
1935202901921767432,2025-06-18 05:08:48+00:00,0,@Greesel_JKT48 baru aja sarapan,1935203018565370233,,Greesel_JKT48,in,0,0,0,https://x.com/undefined/status/1935203018565370233,1167716173514829825,2025-06-18,Greesel,Gen 11
1935202901921767432,2025-06-18 05:08:45+00:00,0,@Greesel_JKT48 Songteng tuh apa?,1935203005906960511,,Greesel_JKT48,in,0,0,0,https://x.com/undefined/status/1935203005906960511,1069813576972427264,2025-06-18,Greesel,Gen 11
1935202901921767432,2025-06-18 05:08:44+00:00,0,@Greesel_JKT48 songteng apaan dahhh,1935203000873787756,,Greesel_JKT48,in,0,0,0,https://x.com/undefined/status/1935203000873787756,1140025883874304000,2025-06-18,Greesel,Gen 11
1935202901921767432,2025-06-18 05:08:43+00:00,0,@Greesel_JKT48 Kangkung mau makan bareng egk,1935202997472215496,,Greesel_JKT48,in,0,0,0,https://x.com/undefined/status/1935202997472215496,1733857456584073216,2025-06-18,Greesel,Gen 11
1935202901921767432,2025-06-18 05:08:41+00:00,0,@Greesel_JKT48 Tongseng apa songteng,1935202987863064620,,Greesel_JKT48,in,0,0,0,https://x.com/undefined/status/1935202987863064620,1610624529126260736,2025-06-18,Greesel,Gen 11
1935202901921767432,2025-06-18 05:08:37+00:00,0,@Greesel_JKT48 ayam geprek,1935202973199782007,,Greesel_JKT48,in,0,0,0,https://x.com/undefined/status/1935202973199782007,1731962934295920640,2025-06-18,Greesel,Gen 11
1935202901921767432,2025-06-18 05:08:20+00:00,4009,kalian makan siang ma apaa?? aku makan songteng,1935202901921767432,,,in,10,321,95,https://x.com/undefined/status/1935202901921767432,1587026900635242497,2025-06-18,Greesel,Gen 11
1935036705867973057,2025-06-18 04:20:09+00:00,0,@RK_9051 @A_ChristyJKT48 @F_OllaJKT48 @Greesel_JKT48 @L_MarshaJKT48 @A_GitaJKT48 @C_OnielJKT48 @A_LuluJKT48 @Christyzer @LunarianID @gitroops @Degrees_OFC @marshaoshi_ @Olla_TheMiracle @onielity_ofc yg belakang lucu bgtsok sok introvert sendirian,1935190776444776453,,RK_9051,in,0,0,0,https://x.com/undefined/status/1935190776444776453,1791370733685555200,2025-06-18,Greesel,Gen 11
1935188314862272586,2025-06-18 04:10:22+00:00,1948,dengan pedenya gua manggil @Greesel_JKT48 yaitu @A_ChristyJKT48 malu bgt woii https://t.co/zODuDvhV2f,1935188314862272586,https://pbs.twimg.com/ext_tw_video_thumb/1935188294838718464/pu/img/ZVE_olBxyNn0Fur6.jpg,,in,14,81,174,https://x.com/undefined/status/1935188314862272586,1742498181278216192,2025-06-18,Greesel,Gen 11
1935133915326620000,2025-06-18 04:04:46+00:00,0,@lunga_mbedil @Idnafndi @Greesel_JKT48 berimun (bersih indah manchester united),1935186905609711733,,lunga_mbedil,in,0,0,0,https://x.com/undefined/status/1935186905609711733,1279650811,2025-06-18,Greesel,Gen 11
1935133915326620000,2025-06-18 03:55:59+00:00,0,@Idnafndi @Greesel_JKT48 penunjang sistem imun,1935184693256912981,,Idnafndi,in,0,1,0,https://x.com/undefined/status/1935184693256912981,1279650811,2025-06-18,Greesel,Gen 11
1935036705867973057,2025-06-18 03:51:04+00:00,0,@RK_9051 @A_ChristyJKT48 @F_OllaJKT48 @Greesel_JKT48 @L_MarshaJKT48 @A_GitaJKT48 @C_OnielJKT48 @A_LuluJKT48 @Christyzer @LunarianID @gitroops @Degrees_OFC @marshaoshi_ @Olla_TheMiracle @onielity_ofc Ahhh lucuuukk ,1935183455664623824,,RK_9051,in,0,0,0,https://x.com/undefined/status/1935183455664623824,1826058970165030912,2025-06-18,Greesel,Gen 11
1935133915326620000,2025-06-18 03:03:05+00:00,0,@agv48 @Greesel_JKT48 @Degrees_OFC CANTIK,1935171379411960052,,agv48,in,0,1,0,https://x.com/undefined/status/1935171379411960052,1675143896538697728,2025-06-18,Greesel,Gen 11
1934608562233438210,2025-06-18 03:02:24+00:00,0,@AlanMau84131314 @Degrees_OFC @Greesel_JKT48 1. Aku 2. Mingress 3.mas al 4. Ju joy 5.......... Lanjut sampe 62729 ges,1935171209735585954,,AlanMau84131314,in,0,0,0,https://x.com/undefined/status/1935171209735585954,1916167373675200512,2025-06-18,Greesel,Gen 11
1934608562233438210,2025-06-18 03:00:14+00:00,0,@Greesel_JKT48 Akuu,1935170661686854078,,Greesel_JKT48,in,0,0,0,https://x.com/undefined/status/1935170661686854078,1916167373675200512,2025-06-18,Greesel,Gen 11
1935168511149756590,2025-06-18 02:51:41+00:00,0,Selamat pagi selamat hari rabu dan semangat berkegiatannya hari ini kesayangan aku @SP_IndiraJKT48 @Greesel_JKT48 @A_VirgiJKT48,1935168511149756590,,,in,0,0,0,https://x.com/undefined/status/1935168511149756590,1224155925751025664,2025-06-18,Greesel,Gen 11
1935015004060926162,2025-06-18 02:49:02+00:00,1,@icha_cil @Greesel_JKT48 @Degrees_OFC keren gini kak bisa msk wehh...liat di tl ada yg ga bisa msk abisnyaa ya kmrn ?,1935167843903095219,,icha_cil,in,0,0,0,https://x.com/undefined/status/1935167843903095219,1340489955311677440,2025-06-18,Greesel,Gen 11
1935163815282487600,2025-06-18 02:33:01+00:00,0,semangat kegiatannya hari ini ganbatteee icengg @Greesel_JKT48 #GreeThings,1935163815282487600,,,in,0,0,0,https://x.com/undefined/status/1935163815282487600,1768826392949719040,2025-06-18,Greesel,Gen 11
1935162612335198557,2025-06-18 02:28:15+00:00,0,Pagrees! @Greesel_JKT48 Aku yakin suatu saat kamu bisa seperti @_siscasaras_ ,1935162612335198557,,,in,0,0,0,https://x.com/undefined/status/1935162612335198557,1109923783740022785,2025-06-18,Greesel,Gen 11
1935130611154567613,2025-06-18 02:24:42+00:00,1,@AkuDipolll @A_LuluJKT48 @Greesel_JKT48 makasiiiii ka divaaaa,1935161722874249338,,AkuDipolll,in,0,0,0,https://x.com/undefined/status/1935161722874249338,1794649191261908992,2025-06-18,Greesel,Gen 11
1935130611154567613,2025-06-18 02:22:10+00:00,0,@justddiraz @A_LuluJKT48 @Greesel_JKT48 selamat ulang tahunnn diraaaaaaa,1935161082693435787,,justddiraz,in,0,1,0,https://x.com/undefined/status/1935161082693435787,1131013713345957888,2025-06-18,Greesel,Gen 11
1935130611154567613,2025-06-18 02:21:57+00:00,0,@_Bancet_ @A_LuluJKT48 @Greesel_JKT48 terimakasiii kaa,1935161029828428148,,_Bancet_,in,0,0,0,https://x.com/undefined/status/1935161029828428148,1794649191261908992,2025-06-18,Greesel,Gen 11
1935159973874680091,2025-06-18 02:17:45+00:00,0,Lho selama ini wota kan demennya ama sensasi Mas. Bukan bakat/prestasi. Terbukti kopal kapal keluarga2an dan lain sebagainya lebih laku daripada #GreeFM. Btw kapan #GreeFM lagi? @Greesel_JKT48 aku ingin selalu mengikuti perkembangan vokal u kocak ,1935159973874680091,,,in,0,0,0,https://x.com/undefined/status/1935159973874680091,1109923783740022785,2025-06-18,Greesel,Gen 11
1934973093401018606,2025-06-18 02:09:21+00:00,0,@Novrp14 @CC_Cookies4 @F_OllaJKT48 @Greesel_JKT48 @Olla_TheMiracle @Degrees_OFC Akselerasinya jauh yaaaa,1935157856027955564,,Novrp14,in,0,0,0,https://x.com/undefined/status/1935157856027955564,1693677459991035906,2025-06-18,Greesel,Gen 11
1935152484516757895,2025-06-18 02:02:06+00:00,0,@hasbilh_ @Greesel_JKT48 enake pol sumpah orak arik karo ayam suwire,1935156034974400778,,hasbilh_,in,0,0,0,https://x.com/undefined/status/1935156034974400778,1575079824783073280,2025-06-18,Greesel,Gen 11
1935152484516757895,2025-06-18 02:01:21+00:00,0,@abeautifulblur1 @Greesel_JKT48 asem kangen banget nyong karo orak-arike,1935155846390104488,,abeautifulblur1,in,0,1,0,https://x.com/undefined/status/1935155846390104488,156588231,2025-06-18,Greesel,Gen 11
1935152484516757895,2025-06-18 02:00:38+00:00,0,@hasbilh_ @Greesel_JKT48 bar sarapan kue maring burjo mirasa,1935155662318878852,,hasbilh_,in,0,1,0,https://x.com/undefined/status/1935155662318878852,1575079824783073280,2025-06-18,Greesel,Gen 11
1935008035719753870,2025-06-18 01:51:49+00:00,0,@Greesel_JKT48 lucuu,1935153445847335111,,Greesel_JKT48,in,0,0,0,https://x.com/undefined/status/1935153445847335111,1778427300268421120,2025-06-18,Greesel,Gen 11
1935152785919791592,2025-06-18 01:49:12+00:00,0,akuu tadii malamm ketidurannn terimakasiii atass show dan kerjaa kerasnyaa kemarinn dan semangatt untukk hari iniii have a nice dayy @Greesel_JKT48,1935152785919791592,,,in,0,0,0,https://x.com/undefined/status/1935152785919791592,1803287187313795072,2025-06-18,Greesel,Gen 11
1935152484516757895,2025-06-18 01:48:00+00:00,0,@Greesel_JKT48 lg ap,1935152484516757895,,Greesel_JKT48,in,0,1,0,https://x.com/undefined/status/1935152484516757895,156588231,2025-06-18,Greesel,Gen 11
1935020156016898490,2025-06-18 01:37:50+00:00,2,@Greesel_JKT48 makasihh yas,1935149927740703218,,Greesel_JKT48,in,0,0,0,https://x.com/undefined/status/1935149927740703218,1686370042718617600,2025-06-18,Greesel,Gen 11
1935130611154567613,2025-06-18 01:24:23+00:00,1,@meadowtainu @A_LuluJKT48 @Greesel_JKT48 terimakasihh kaa,1935146540961775775,,meadowtainu,in,0,0,0,https://x.com/undefined/status/1935146540961775775,1794649191261908992,2025-06-18,Greesel,Gen 11
1935130611154567613,2025-06-18 01:24:13+00:00,0,@Leleeae @A_LuluJKT48 @Greesel_JKT48 makasihhhh kaaaa,1935146501405294882,,Leleeae,in,0,0,0,https://x.com/undefined/status/1935146501405294882,1794649191261908992,2025-06-18,Greesel,Gen 11
1934963086513119725,2025-06-18 01:20:07+00:00,0,@itsaleey @coen3roet @Greesel_JKT48 Walah walah,1935145469128442346,,itsaleey,in,0,0,0,https://x.com/undefined/status/1935145469128442346,1533781744474005504,2025-06-18,Greesel,Gen 11
1935008035719753870,2025-06-18 01:10:41+00:00,0,@Greesel_JKT48 Cantik Banget gumut Semangatnya Icelll ,1935143093763981787,,Greesel_JKT48,in,0,0,0,https://x.com/undefined/status/1935143093763981787,1432955443135979520,2025-06-18,Greesel,Gen 11
1934963086513119725,2025-06-18 01:01:31+00:00,0,@minkanzs @coen3roet @Greesel_JKT48 Udah tau kapasitas kurang besar namun fanbase sebelah egois gamau gantian masuk ,1935140788746469489,,minkanzs,in,0,1,0,https://x.com/undefined/status/1935140788746469489,78565229,2025-06-18,Greesel,Gen 11
1935130611154567613,2025-06-18 00:45:06+00:00,0,@justddiraz @A_LuluJKT48 @Greesel_JKT48 selamat ulang tahun kak,1935136656446865772,,justddiraz,in,0,1,0,https://x.com/undefined/status/1935136656446865772,1462389523770273797,2025-06-18,Greesel,Gen 11
1935008035719753870,2025-06-18 00:43:34+00:00,0,@Greesel_JKT48 Cantik banget banget banget,1935136269530796533,,Greesel_JKT48,in,0,0,0,https://x.com/undefined/status/1935136269530796533,1658746693058433027,2025-06-18,Greesel,Gen 11
1935008035719753870,2025-06-18 00:40:03+00:00,0,@Greesel_JKT48 Selamat yaaaaa,1935135386780713165,,Greesel_JKT48,in,0,0,0,https://x.com/undefined/status/1935135386780713165,1667810461134503941,2025-06-18,Greesel,Gen 11
1935008035719753870,2025-06-18 00:38:51+00:00,0,@Greesel_JKT48 Alhamdulillah.. Congrats icel congrats JKT48..,1935135082093895785,,Greesel_JKT48,in,0,0,0,https://x.com/undefined/status/1935135082093895785,1786226069919690752,2025-06-18,Greesel,Gen 11
1935020156016898490,2025-06-18 00:06:39+00:00,0,@Greesel_JKT48 Gak sama kamu ,1935126980502094010,,Greesel_JKT48,in,0,0,0,https://x.com/undefined/status/1935126980502094010,1260005036953702400,2025-06-18,Greesel,Gen 11
1935008035719753870,2025-06-17 20:26:33+00:00,0,@Greesel_JKT48 Busyettt cakepnya kek turun dari langit ,1935071591496565189,,Greesel_JKT48,in,0,0,0,https://x.com/undefined/status/1935071591496565189,66356758,2025-06-17,Greesel,Gen 11
1935008035719753870,2025-06-17 20:24:15+00:00,0,@Greesel_JKT48 Alhamdulillah dapet penghargaan... Terimakasih atas kerja kerasnya yaaah... ,1935071011281715473,,Greesel_JKT48,in,0,0,0,https://x.com/undefined/status/1935071011281715473,1576387622418624512,2025-06-17,Greesel,Gen 11
1935008035719753870,2025-06-17 20:10:48+00:00,0,@Greesel_JKT48 Terimakasih atas kerjas kerasnya Selamat #GreeSelasa ,1935067623991206282,,Greesel_JKT48,in,0,0,0,https://x.com/undefined/status/1935067623991206282,1712717010000560128,2025-06-17,Greesel,Gen 11
1935019878181949781,2025-06-17 20:08:35+00:00,0,@Degrees_YK @Degrees_OFC @Greesel_JKT48 Kelazzz ming,1935067069634199792,,Degrees_YK,in,0,0,0,https://x.com/undefined/status/1935067069634199792,1712717010000560128,2025-06-17,Greesel,Gen 11
1935008035719753870,2025-06-17 19:55:55+00:00,4,@Greesel_JKT48 Aku ingin berterima kasih akan dua hal: Pertama terima kasih atas shownya kemarin yg luar biasa... kedua terima kasih juga untuk foto #GreeSelasa yang spesial ini (icel ponian + megane) Selamat beristirahat yaa!! ,1935063882516848872,,Greesel_JKT48,in,0,0,0,https://x.com/undefined/status/1935063882516848872,1778546526006153216,2025-06-17,Greesel,Gen 11
1935008035719753870,2025-06-17 19:41:19+00:00,0,@Greesel_JKT48 Sama sama gengg,1935060206196752690,,Greesel_JKT48,in,0,0,0,https://x.com/undefined/status/1935060206196752690,1900084848951517185,2025-06-17,Greesel,Gen 11
1935036705867973057,2025-06-17 19:20:51+00:00,21,@RK_9051 @A_ChristyJKT48 @F_OllaJKT48 @Greesel_JKT48 @L_MarshaJKT48 @A_GitaJKT48 @C_OnielJKT48 @A_LuluJKT48 @Christyzer @LunarianID @gitroops @Degrees_OFC @marshaoshi_ @onielity_ofc si olla olla itu karungin aja harusnya ,1935055056359006484,,RK_9051,in,0,1,0,https://x.com/undefined/status/1935055056359006484,1046020936779030528,2025-06-17,Greesel,Gen 11
1935051504077127703,2025-06-17 19:06:44+00:00,442,Senyuman yang dinantikan... @Greesel_JKT48 17062025 - SCTV Music Awards 2025 https://t.co/2CyAlinlkC,1935051504077127703,https://pbs.twimg.com/media/GtqvE_paQAE87-e.jpg,,in,1,0,51,https://x.com/undefined/status/1935051504077127703,1244858068782862337,2025-06-17,Greesel,Gen 11
1935044641201734094,2025-06-17 18:53:21+00:00,1,@Dennytks @Greesel_JKT48 @Degrees_OFC Gmoyyy lagi bg,1935048133538611275,,Dennytks,in,0,0,0,https://x.com/undefined/status/1935048133538611275,1877726304797417472,2025-06-17,Greesel,Gen 11
1935008035719753870,2025-06-17 18:52:32+00:00,0,@Greesel_JKT48 Gemes ya kegit snm dehh kangenn,1935047930903453743,,Greesel_JKT48,in,0,0,0,https://x.com/undefined/status/1935047930903453743,1877726304797417472,2025-06-17,Greesel,Gen 11
1935026212684054855,2025-06-17 18:42:02+00:00,2,@ayul53362 @F_OllaJKT48 @A_LuluJKT48 @C_OnielJKT48 @A_FionyJKT48 @L_MarshaJKT48 @A_GitaJKT48 @C_JessiJKT48 @A_ChristyJKT48 @S_GraciaJKT48 @C_IndahJKT48 @Greesel_JKT48 iya sepertinya lagi kurang fit dia,1935045287883718704,,ayul53362,in,0,0,0,https://x.com/undefined/status/1935045287883718704,1244858068782862337,2025-06-17,Greesel,Gen 11
1935044641201734094,2025-06-17 18:39:28+00:00,798,Lucu amattt km @Greesel_JKT48 18/06/2025 SCTV Music Awards 2025 #Dennytk https://t.co/42GbpoFmR9,1935044641201734094,https://pbs.twimg.com/media/Gtqo132aQAc7zCz.jpg,,in,1,3,153,https://x.com/undefined/status/1935044641201734094,289139867,2025-06-17,Greesel,Gen 11
1935012007792824823,2025-06-17 18:21:27+00:00,0,@AR_LanaJKT48 @Greesel_JKT48 geprek nih,1935040106408423545,,AR_LanaJKT48,in,0,0,0,https://x.com/undefined/status/1935040106408423545,1264838633799860224,2025-06-17,Greesel,Gen 11
1935039544589750534,2025-06-17 18:19:13+00:00,3,Selamat beristirahat kalian duo GSA @A_GitaJKT48 @Greesel_JKT48 https://t.co/R5sn1KYJOQ,1935039544589750534,https://pbs.twimg.com/media/GtqkM0wa4AAlSR8.jpg,,in,0,1,0,https://x.com/undefined/status/1935039544589750534,1735933050486448128,2025-06-17,Greesel,Gen 11
1934847860102848962,2025-06-17 18:16:24+00:00,1,@farhanzlkr @Greesel_JKT48 Ulah ulalret ngab ,1935038837631406184,,farhanzlkr,in,0,0,0,https://x.com/undefined/status/1935038837631406184,1872159028962549760,2025-06-17,Greesel,Gen 11
1935037765059756398,2025-06-17 18:12:09+00:00,0,Lagi kecintaan @Greesel_JKT48 ,1935037765059756398,,,in,0,0,0,https://x.com/undefined/status/1935037765059756398,1800218514793578496,2025-06-17,Greesel,Gen 11
1935036705867973057,2025-06-17 18:07:56+00:00,1692,𝘏𝘢𝘩𝘢 𝘢𝘥𝘢 𝘢𝘫𝘢...𝘵𝘱𝘪 𝘭𝘶𝘤𝘶 @A_ChristyJKT48 @F_OllaJKT48 @Greesel_JKT48 @L_MarshaJKT48 @A_GitaJKT48 @C_OnielJKT48 @A_LuluJKT48 . at SCTV Music Awards 2025 170625 . #SCTVMusicAwards2025 https://t.co/hDByomNiBO,1935036705867973057,https://pbs.twimg.com/ext_tw_video_thumb/1935036250240716800/pu/img/QgtqrpPO6fZznaJQ.jpg,,in,2,6,284,https://x.com/undefined/status/1935036705867973057,4881831460,2025-06-17,Greesel,Gen 11
1935015004060926162,2025-06-17 17:53:41+00:00,1,@greencloud91 @Greesel_JKT48 @Degrees_OFC Lucu bet,1935033117439619360,,greencloud91,in,0,0,0,https://x.com/undefined/status/1935033117439619360,1272740115610099712,2025-06-17,Greesel,Gen 11
1935026212684054855,2025-06-17 17:44:12+00:00,1,@whit33sw0rd @F_OllaJKT48 @A_LuluJKT48 @C_OnielJKT48 @A_FionyJKT48 @L_MarshaJKT48 @A_GitaJKT48 @C_JessiJKT48 @A_ChristyJKT48 @S_GraciaJKT48 @C_IndahJKT48 @Greesel_JKT48 Aku nga tau yah tapi aku notice jalan nya kitty kaya beda kaya lagi sakit gitu yah? Soalnya pas dia jalan sama staff pun juga di gandeng dan jalan nya pelan moga dia baik2 ajh yah,1935030734013792654,,whit33sw0rd,in,0,1,0,https://x.com/undefined/status/1935030734013792654,1705897000934457344,2025-06-17,Greesel,Gen 11
1935008035719753870,2025-06-17 17:42:21+00:00,0,@Greesel_JKT48 tengkyu for tudeii! met #GreeSelasa ,1935030268035039519,,Greesel_JKT48,in,0,0,0,https://x.com/undefined/status/1935030268035039519,1871574395195719681,2025-06-17,Greesel,Gen 11
1935029219962331192,2025-06-17 17:42:08+00:00,0,@gnitepun @Greesel_JKT48 mau tidur dlu deh cape banget ni badan untungnya berhasil ketemu kak greesel.,1935030212443725847,,gnitepun,in,0,0,0,https://x.com/undefined/status/1935030212443725847,1675143896538697728,2025-06-17,Greesel,Gen 11
1935029219962331192,2025-06-17 17:40:42+00:00,0,@gnitepun @Greesel_JKT48 Cuma kak greesel.,1935029853109240000,,gnitepun,in,0,0,0,https://x.com/undefined/status/1935029853109240000,1675143896538697728,2025-06-17,Greesel,Gen 11
1934956528756531422,2025-06-17 17:37:19+00:00,0,@MobilPenculik @Wanthala1 @Greesel_JKT48 @Degrees_OFC @officialVTR48 @Y_CynthiaJKT48 jgn adu domba hei!!! setidaknya saya jujur tidak main belakang...,1935029001749471743,,MobilPenculik,in,0,0,0,https://x.com/undefined/status/1935029001749471743,1141997177683636224,2025-06-17,Greesel,Gen 11
1935008035719753870,2025-06-17 17:36:24+00:00,0,@Greesel_JKT48 cutee bgt sihh btw congrats yaa mailop,1935028768994947312,,Greesel_JKT48,in,0,0,0,https://x.com/undefined/status/1935028768994947312,1912145933565140992,2025-06-17,Greesel,Gen 11
1935028005040210044,2025-06-17 17:33:22+00:00,0,@Greesel_JKT48 makasihh untuk sctv music award hari ini walaupun cuma nonton lewat tv hihi,1935028005040210044,,Greesel_JKT48,in,0,0,0,https://x.com/undefined/status/1935028005040210044,1916470187995619328,2025-06-17,Greesel,Gen 11
1935027418718404860,2025-06-17 17:31:02+00:00,4,Yang berhasil masuk studio cuma 1 orang dari 4 yang dateng. Maaf banget ya cel @Greesel_JKT48,1935027418718404860,,,in,0,0,0,https://x.com/undefined/status/1935027418718404860,78565229,2025-06-17,Greesel,Gen 11
1935027295850480088,2025-06-17 17:30:33+00:00,2,@Greesel_JKT48 tft! oiyy sorry banget kalo buka-buka isinya yapping btw ?,1935027295850480088,,Greesel_JKT48,in,0,0,0,https://x.com/undefined/status/1935027295850480088,1236140851924877314,2025-06-17,Greesel,Gen 11
1935020156016898490,2025-06-17 17:30:13+00:00,5,@Greesel_JKT48 Aku bingung mau ikut selca yang mana cel Langsung vc aja tanggal 25 ya,1935027214762000839,,Greesel_JKT48,in,0,0,0,https://x.com/undefined/status/1935027214762000839,1740982011714789376,2025-06-17,Greesel,Gen 11
1935020156016898490,2025-06-17 17:27:22+00:00,0,@Greesel_JKT48 aku belum buat alias kehabisan stock foto,1935026495111708759,,Greesel_JKT48,in,0,0,0,https://x.com/undefined/status/1935026495111708759,875666272754651137,2025-06-17,Greesel,Gen 11
1935019878181949781,2025-06-17 17:26:47+00:00,0,@Degrees_YK @Degrees_OFC @Greesel_JKT48 Kelaz min,1935026347816140831,,Degrees_YK,in,0,0,0,https://x.com/undefined/status/1935026347816140831,1561541213047508994,2025-06-17,Greesel,Gen 11
1934979665686647009,2025-06-17 17:25:01+00:00,0,@S_GraciaJKT48 @Greesel_JKT48 Selamat ci,1935025904654369125,,S_GraciaJKT48,in,0,0,0,https://x.com/undefined/status/1935025904654369125,1524988545278316544,2025-06-17,Greesel,Gen 11
1935013901059711388,2025-06-17 17:19:59+00:00,0,@llxxonk @Greesel_JKT48 @L_MarshaJKT48 setuju yuki,1935024636993159548,,llxxonk,in,0,0,0,https://x.com/undefined/status/1935024636993159548,732228644,2025-06-17,Greesel,Gen 11
1935008035719753870,2025-06-17 17:16:35+00:00,0,@Greesel_JKT48 TOLONKKK,1935023783473262647,,Greesel_JKT48,in,0,0,0,https://x.com/undefined/status/1935023783473262647,1612711837,2025-06-17,Greesel,Gen 11
1935008035719753870,2025-06-17 17:16:08+00:00,0,@Greesel_JKT48 iyaaaaa cayangggkuuuu,1935023670348681355,,Greesel_JKT48,in,0,0,0,https://x.com/undefined/status/1935023670348681355,1458283539514867720,2025-06-17,Greesel,Gen 11
1935008035719753870,2025-06-17 17:12:01+00:00,0,@donsskiii @Greesel_JKT48 @itsaleey @Bzon_15 @icha_cil ngokk,1935022633306964023,,donsskiii,in,0,1,0,https://x.com/undefined/status/1935022633306964023,1236140851924877314,2025-06-17,Greesel,Gen 11
1935022234042777707,2025-06-17 17:10:26+00:00,0,terimakasihh yaa... smngt juga buat kegiatannnn lainnya jaga kesehatann yaaaaa! @Greesel_JKT48 met istirahattt #GreeThings,1935022234042777707,,,in,0,0,0,https://x.com/undefined/status/1935022234042777707,1106024962119237632,2025-06-17,Greesel,Gen 11
1935020156016898490,2025-06-17 17:10:00+00:00,0,@Greesel_JKT48 aku anon sedih,1935022126324662477,,Greesel_JKT48,in,0,0,0,https://x.com/undefined/status/1935022126324662477,1777164808984702977,2025-06-17,Greesel,Gen 11
1935022047463358507,2025-06-17 17:09:41+00:00,1595,aaaaa lutunaaa Ciee dapet piala SCTV Music Awards 2025 selamat yaa non... Terima kasih juga buat penampilan kamu yang kewreennn hari ini selamat istirahat cinta bobok yang nyenyak yahh @Greesel_JKT48 #SCTVMusicAwards2025 #GreeWithD https://t.co/OL14yHaNfr,1935022047463358507,https://pbs.twimg.com/amplify_video_thumb/1935021990051782656/img/1rAxcLXvG9DkfuPO.jpg,,in,0,0,226,https://x.com/undefined/status/1935022047463358507,1587088851708715010,2025-06-17,Greesel,Gen 11
1935020156016898490,2025-06-17 17:09:22+00:00,0,@Greesel_JKT48 duh lupaaakkk,1935021966148452599,,Greesel_JKT48,in,0,0,0,https://x.com/undefined/status/1935021966148452599,1729838823260160000,2025-06-17,Greesel,Gen 11
1935020156016898490,2025-06-17 17:08:05+00:00,0,@Greesel_JKT48 mau ikutan tapi malu,1935021645237993784,,Greesel_JKT48,in,0,0,0,https://x.com/undefined/status/1935021645237993784,1683425882764111872,2025-06-17,Greesel,Gen 11
1935020156016898490,2025-06-17 17:05:58+00:00,0,@Greesel_JKT48 Pengen ikutan tapi gak ada foto yang pas,1935021111076601946,,Greesel_JKT48,in,0,0,0,https://x.com/undefined/status/1935021111076601946,590872461,2025-06-17,Greesel,Gen 11
1935020156016898490,2025-06-17 17:05:19+00:00,2,@Greesel_JKT48 buldep maa bwat deh,1935020949067416055,,Greesel_JKT48,in,0,0,0,https://x.com/undefined/status/1935020949067416055,1674592604070223873,2025-06-17,Greesel,Gen 11
1935020156016898490,2025-06-17 17:05:04+00:00,0,@Greesel_JKT48 Hehe Maaf Ya Icel belum bisa ikutan ,1935020884378685600,,Greesel_JKT48,in,0,0,0,https://x.com/undefined/status/1935020884378685600,725891288176824322,2025-06-17,Greesel,Gen 11
1935019878181949781,2025-06-17 17:04:37+00:00,0,@Degrees_YK @Degrees_OFC @Greesel_JKT48 kelassss minnnn,1935020772994810346,,Degrees_YK,in,0,0,0,https://x.com/undefined/status/1935020772994810346,1383686999886897153,2025-06-17,Greesel,Gen 11
1935020156016898490,2025-06-17 17:04:14+00:00,0,@Greesel_JKT48 Pengen buat #jeketiselcaday tapi malu,1935020675108061667,,Greesel_JKT48,in,0,0,0,https://x.com/undefined/status/1935020675108061667,1770806021369294848,2025-06-17,Greesel,Gen 11
1935020156016898490,2025-06-17 17:04:08+00:00,0,@Greesel_JKT48 Keren-keren emang cel ,1935020650529440210,,Greesel_JKT48,in,0,0,0,https://x.com/undefined/status/1935020650529440210,3307600430,2025-06-17,Greesel,Gen 11
1935020156016898490,2025-06-17 17:04:07+00:00,0,@Greesel_JKT48 makasih sudah dilihat (padahal ga berpartisipasi),1935020646280671686,,Greesel_JKT48,in,0,0,0,https://x.com/undefined/status/1935020646280671686,1547432040769146881,2025-06-17,Greesel,Gen 11
1935020156016898490,2025-06-17 17:03:10+00:00,1,@Greesel_JKT48 Kamu ada foto rebahan ga non? Aku mau pake buat buldep,1935020405141782899,,Greesel_JKT48,in,0,0,0,https://x.com/undefined/status/1935020405141782899,1069813576972427264,2025-06-17,Greesel,Gen 11
1935020156016898490,2025-06-17 17:03:01+00:00,0,@Greesel_JKT48 Oke wktnya tidur,1935020370786140430,,Greesel_JKT48,in,0,0,0,https://x.com/undefined/status/1935020370786140430,877667435020791808,2025-06-17,Greesel,Gen 11
1935020156016898490,2025-06-17 17:02:59+00:00,2,@Greesel_JKT48 Gak ikutan dulu ya non hehe,1935020360493318314,,Greesel_JKT48,in,0,0,0,https://x.com/undefined/status/1935020360493318314,886179897047105536,2025-06-17,Greesel,Gen 11
1935020156016898490,2025-06-17 17:02:52+00:00,2,@Greesel_JKT48 Mau ikutan tapi (masih) tidak ada foto yang cocok,1935020329098953198,,Greesel_JKT48,in,0,0,0,https://x.com/undefined/status/1935020329098953198,1455849887849844736,2025-06-17,Greesel,Gen 11
1935020156016898490,2025-06-17 17:02:44+00:00,3,@Greesel_JKT48 malu weeeeh,1935020297700393110,,Greesel_JKT48,in,0,0,0,https://x.com/undefined/status/1935020297700393110,2315673121,2025-06-17,Greesel,Gen 11
