"conversation_id_str","created_at","favorite_count","full_text","id_str","image_url","in_reply_to_screen_name","lang","location","quote_count","reply_count","retweet_count","tweet_url","user_id_str","username"
"1935487441353220508","Wed Jun 18 23:59:00 +0000 2025","38","#Motivazy Day 128 (19/06/2025) Dari Ching Ching Untuk @RFritzy_JKT48 Hi Fritzy My Love Kamu adalah panutan ku Semoga kamu cepat sembuh dan sehat kembali ya Love you Ching Ching","1935487441353220508","","","in","","0","0","2","https://x.com/undefined/status/1935487441353220508","1724117575683182594",
"1935459817898086573","Wed Jun 18 23:54:39 +0000 2025","0","@Sanditama_putra @RFritzy_JKT48 Gatau. Tp harusnya ada kan kemaren mereka live bareng. Apalagi outfit Delynn udah outfit hangout bgt kemaren.","1935486348158464095","","Sanditama_putra","in","","0","0","0","https://x.com/undefined/status/1935486348158464095","1275914937177567234",
"1935459817898086573","Wed Jun 18 23:49:53 +0000 2025","0","@cruzozzan @RFritzy_JKT48 Ada Lily sama Delynn gak bang?","1935485147178291539","","cruzozzan","in","","0","1","0","https://x.com/undefined/status/1935485147178291539","1900897137891880960",
"1935482415771959790","Wed Jun 18 23:39:02 +0000 2025","1","Morning oshiku @RFritzy_JKT48 tumben aku baru ngucapin selamat pagi jam segini:v biasanya udah tadi jam 6 tapi it's ok Semalam juga gk ngucapin good night karena aku ketiduran lagi hp juga gak sempet di cas badan udah capek + ngantuk endingnya ketiduran","1935482415771959790","","","in","","0","0","0","https://x.com/undefined/status/1935482415771959790","1923313321501155328",
"1935297032299889014","Wed Jun 18 23:00:02 +0000 2025","0","@RFritzy_JKT48 @AR_LanaJKT48 Sumpah lama lama diliat kenapa mirip banget ama cepioooo ci pritzi pritzy iniii","1935472602132398186","","RFritzy_JKT48","in","","0","0","0","https://x.com/undefined/status/1935472602132398186","1903144143179878401",
"1935389713587958208","Wed Jun 18 22:48:42 +0000 2025","0","@Rian_Ketoprak @RFritzy_JKT48 Zy dia hari ini ulang tahun dan udah puterr vidio ini 12645 kali ","1935469749351464974","","Rian_Ketoprak","in","","0","1","0","https://x.com/undefined/status/1935469749351464974","74046381",
"1935268693203943516","Wed Jun 18 22:43:28 +0000 2025","1","@DomLica_ @RFritzy_JKT48 mukanya fiony banget ","1935468431635267850","","DomLica_","in","","0","0","0","https://x.com/undefined/status/1935468431635267850","1543479007567826945",
"1935459817898086573","Wed Jun 18 22:09:14 +0000 2025","5","Yaahh gaada kamu dong brrti di foto gen 12 kali ini @RFritzy_JKT48 #BaleZyin","1935459817898086573","","","in","","0","1","0","https://x.com/undefined/status/1935459817898086573","1275914937177567234",
"1935457568882835936","Wed Jun 18 22:00:18 +0000 2025","0","Yah.. Sayang sekali huhu #BaleZyin @RFritzy_JKT48","1935457568882835936","","","in","","0","0","0","https://x.com/undefined/status/1935457568882835936","1316952691554144256",
"1932103039235784905","Wed Jun 18 21:51:28 +0000 2025","0","@otak_geser2021 @RFritzy_JKT48 Et....et.... jangan dilanjutin","1935455345398415592","","otak_geser2021","in","","0","0","0","https://x.com/undefined/status/1935455345398415592","1841000798785830914",
"1935429334782853155","Wed Jun 18 20:08:06 +0000 2025","0","Maaf deh kalo gitu @RFritzy_JKT48 https://t.co/SlykBk9Maz","1935429334782853155","https://pbs.twimg.com/ext_tw_video_thumb/1935429305116352512/pu/img/q-ebNgrCIbtGIUvq.jpg","","in","","0","0","0","https://x.com/undefined/status/1935429334782853155","1435016303572553728",
"1919800074223165763","Wed Jun 18 19:17:35 +0000 2025","0","@RFritzy_JKT48 [ *19 ] Memasuki hari ke [ 50 ] sebagai member reguler JKT48 -- @RFritzy_JKT48","1935416622770176138","","rulz3_","in","","0","1","0","https://x.com/undefined/status/1935416622770176138","1468050237323284482",
"1935297032299889014","Wed Jun 18 19:10:36 +0000 2025","0","@RFritzy_JKT48 @AR_LanaJKT48 ih cantik","1935414862596952295","","RFritzy_JKT48","in","","0","0","0","https://x.com/undefined/status/1935414862596952295","1651424484644233221",
"1935297032299889014","Wed Jun 18 18:26:42 +0000 2025","0","@RFritzy_JKT48 @AR_LanaJKT48 cantik","1935403814552850550","","RFritzy_JKT48","in","","0","0","0","https://x.com/undefined/status/1935403814552850550","1564642763924156417",
"1935297032299889014","Wed Jun 18 18:16:01 +0000 2025","0","@RFritzy_JKT48 @AR_LanaJKT48 Kok kaliaannn mirip yaa","1935401129061318792","","RFritzy_JKT48","in","","0","0","0","https://x.com/undefined/status/1935401129061318792","1900084848951517185",
"1935297032299889014","Wed Jun 18 17:49:05 +0000 2025","0","@RFritzy_JKT48 @AR_LanaJKT48 Aku team sweet aku ","1935394349527040197","","RFritzy_JKT48","in","","0","0","0","https://x.com/undefined/status/1935394349527040197","112580029",
"1935389713587958208","Wed Jun 18 17:30:40 +0000 2025","2","Waduuhh ada siapa nihhh @RFritzy_JKT48 Makasih ya ucapan (template) nya xixixixi https://t.co/OWa4ImCBuq","1935389713587958208","https://pbs.twimg.com/media/Gtvirt4XcAAN-Zu.jpg","","in","","0","1","0","https://x.com/undefined/status/1935389713587958208","1491824679182475273",
"1935274671173517593","Wed Jun 18 17:29:03 +0000 2025","0","@DomLica_ @RFritzy_JKT48 @AR_LanaJKT48 fritzy anak tk bgt","1935389306753036302","","DomLica_","in","","0","0","0","https://x.com/undefined/status/1935389306753036302","1054723388365668353",
"1935389141224800615","Wed Jun 18 17:28:23 +0000 2025","1","#BaleZyin sedih si gabisa ikut kumpul sama gen 12 yg lain @RFritzy_JKT48 tapi gapapa ko pasti nayla juga paham sama kegiatan kamu next ajak dia jalan aja trus kamu yg traktir wkwk selamat istirahat jii terimakasih untuk hari ini","1935389141224800615","","","in","","0","0","0","https://x.com/undefined/status/1935389141224800615","1217073126535647233",
"1935388264774648145","Wed Jun 18 17:24:54 +0000 2025","2","Yahhh sedih banget @RFritzy_JKT48 Istirahat aja ya sheng biar sehat kamunya gut naitt #BaleZyin","1935388264774648145","","","in","","0","0","0","https://x.com/undefined/status/1935388264774648145","1491824679182475273",
"1935385836440498315","Wed Jun 18 17:15:15 +0000 2025","0","@RFritzy_JKT48 Good night............ Selamat beristirahat tidurrrr yang nyenyak Sweet dreams","1935385836440498315","","RFritzy_JKT48","in","","0","0","0","https://x.com/undefined/status/1935385836440498315","1842508544945631232",
"1935321622652854602","Wed Jun 18 17:08:46 +0000 2025","0","@FritzyForce @RFritzy_JKT48 ke 7x Vc .. akhirnya ada fotonya","1935384202293428383","","FritzyForce","in","","0","0","0","https://x.com/undefined/status/1935384202293428383","1403411874067017729",
"1920708364494860411","Wed Jun 18 16:56:15 +0000 2025","0","@FreyanationID @RFritzy_JKT48 Satuin gak sih min 3fbilangnke mereka min","1935381054048567399","","FreyanationID","in","","0","0","0","https://x.com/undefined/status/1935381054048567399","1841000798785830914",
"1820301502076092484","Wed Jun 18 16:48:05 +0000 2025","0","@FritzyForce @bang_pio21 @A_FionyJKT48 @Symfiony @RFritzy_JKT48 Min Gabungan gitu momen 3 F Fritzy Freya Fiony Jarang2 loh","1935378999850528775","","FritzyForce","in","","0","0","0","https://x.com/undefined/status/1935378999850528775","1841000798785830914",
"1935371602545492406","Wed Jun 18 16:18:42 +0000 2025","0","Fritzy kamu keren. Hari ini dan selamanya kamu adalah orang itu! Orang yang terus bercahaya di tengah gelapnya dunia @RFritzy_JKT48 adalah salah satu orang paling pekerja keras yang kukenal But rest your head rn sudah waktunya istirahat Semuanya akan baik saja stay positive!","1935371602545492406","","","in","","0","0","0","https://x.com/undefined/status/1935371602545492406","1759989479681732608",
"1935274671173517593","Wed Jun 18 16:10:42 +0000 2025","0","@DomLica_ @RFritzy_JKT48 @AR_LanaJKT48 Wkwkwkwkwkw duo kocak ini mah","1935369591313809814","","DomLica_","in","","0","0","0","https://x.com/undefined/status/1935369591313809814","3013327351",
"1935369587991920971","Wed Jun 18 16:10:41 +0000 2025","0","TFT IDN live-nya @RFritzy_JKT48 &amp; @AR_LanaJKT48 seru banget kalian ber-2... BTW rambutnya BAJUSSS deh #BaleZyin","1935369587991920971","","","in","","0","0","0","https://x.com/undefined/status/1935369587991920971","39031258",
"1935264985640485291","Wed Jun 18 15:52:34 +0000 2025","1","@DomLica_ @Gabyelll_ @RFritzy_JKT48 @AR_LanaJKT48 Lana menolak tua alias CAKEP BANGET WOYYY!!! ️","1935365025373503504","","DomLica_","in","","0","0","0","https://x.com/undefined/status/1935365025373503504","1714935797672292352",
"1935297032299889014","Wed Jun 18 15:36:21 +0000 2025","0","@RFritzy_JKT48 @AR_LanaJKT48 Kurang spasi tu BKN celana harusnya Ce Lana ","1935360945574002882","","RFritzy_JKT48","in","","0","0","0","https://x.com/undefined/status/1935360945574002882","1927145539625160704",
"1935297032299889014","Wed Jun 18 15:33:07 +0000 2025","0","@RFritzy_JKT48 @AR_LanaJKT48 Jadi keinget ka zee","1935360131262513219","","RFritzy_JKT48","in","","0","0","0","https://x.com/undefined/status/1935360131262513219","1689991478989209600",
"1935297032299889014","Wed Jun 18 15:32:22 +0000 2025","0","@RFritzy_JKT48 @AR_LanaJKT48 Makasih dan selamat istirahat","1935359942086771071","","RFritzy_JKT48","in","","0","0","0","https://x.com/undefined/status/1935359942086771071","1808750963194482688",
"1935297032299889014","Wed Jun 18 15:10:31 +0000 2025","0","@RFritzy_JKT48 @AR_LanaJKT48 wkwkwk nice","1935354443152974116","","RFritzy_JKT48","in","","0","0","0","https://x.com/undefined/status/1935354443152974116","1718325702402179072",
"1935297032299889014","Wed Jun 18 15:10:05 +0000 2025","0","@AR_LanaJKT48 @RFritzy_JKT48 ckckck","1935354336525304084","","AR_LanaJKT48","in","","0","0","0","https://x.com/undefined/status/1935354336525304084","1718325702402179072",
"1935297032299889014","Wed Jun 18 15:09:45 +0000 2025","0","@AR_LanaJKT48 @RFritzy_JKT48 bohong banget","1935354252039438528","","AR_LanaJKT48","in","","0","0","0","https://x.com/undefined/status/1935354252039438528","1718325702402179072",
"1934830255086424410","Wed Jun 18 15:09:40 +0000 2025","0","@fatihrofaa @N_IntanJKT48 @intanium_ofc @RFritzy_JKT48 udah liattt","1935354229973205376","","fatihrofaa","in","","0","0","0","https://x.com/undefined/status/1935354229973205376","2171755922",
"1934678496393277725","Wed Jun 18 14:52:35 +0000 2025","0","@jepretbyjason @RFritzy_JKT48 @FritzyForce tipsal ye bang kehabisan nih","1935349929943384376","","jepretbyjason","in","","0","0","0","https://x.com/undefined/status/1935349929943384376","1870285690040397824",
"1935168867694952583","Wed Jun 18 13:36:30 +0000 2025","4","@RFritzy_JKT48 Aku mau nyalain sama ka ci dek fritzy","1935330786867359754","","RFritzy_JKT48","in","","0","0","0","https://x.com/undefined/status/1935330786867359754","1748262678886592512",
"1935329961386319958","Wed Jun 18 13:33:14 +0000 2025","1","Teriak itu hal wajar ko wkwk maaf ya gabisa nntn tadi cuman liat clipan aja yg ada di TL @RFritzy_JKT48 #BaleZyin","1935329961386319958","","","in","","0","0","0","https://x.com/undefined/status/1935329961386319958","1217073126535647233",
"1935297032299889014","Wed Jun 18 13:27:45 +0000 2025","0","@AR_LanaJKT48 @RFritzy_JKT48 Pasti diajarin mima @A_LuluJKT48","1935328582311755796","","AR_LanaJKT48","in","","0","0","0","https://x.com/undefined/status/1935328582311755796","1918284509021364224",
"1934990713441472561","Wed Jun 18 13:26:44 +0000 2025","0","@SW_RaishaJKT48 @RFritzy_JKT48 Terimakasih sudah mewakili ","1935328327486914672","","SW_RaishaJKT48","in","","0","0","0","https://x.com/undefined/status/1935328327486914672","1683404810547253249",
"1935328303097037068","Wed Jun 18 13:26:38 +0000 2025","0","Seru banget gapapa kok.. Yang penting kamu udah menang #BaleZyin @RFritzy_JKT48","1935328303097037068","","","in","","0","0","0","https://x.com/undefined/status/1935328303097037068","1316952691554144256",
"1935328262198374685","Wed Jun 18 13:26:29 +0000 2025","0","Gpp zy sesekali emang harus teriak @RFritzy_JKT48 tapi teriaknya lucu jadinya candu gitudeh Maaci pap cantiknya #BaleZyin","1935328262198374685","","","in","","0","0","0","https://x.com/undefined/status/1935328262198374685","1491824679182475273",
"1935297032299889014","Wed Jun 18 13:24:18 +0000 2025","0","@FreyaAddict1 @RFritzy_JKT48 @AR_LanaJKT48 Yang ini kan? Katanya cantik banget yang kiri https://t.co/Vh0ozx3evT","1935327716435472766","https://pbs.twimg.com/media/GtuqTU3W4AAhRqu.jpg","FreyaAddict1","in","","0","0","0","https://x.com/undefined/status/1935327716435472766","1356818004974006273",
"1935297032299889014","Wed Jun 18 13:19:06 +0000 2025","0","@RFritzy_JKT48 @AR_LanaJKT48 MANTAPPPP ANAK OSHIKUUU","1935326406675935591","","RFritzy_JKT48","in","","0","0","0","https://x.com/undefined/status/1935326406675935591","1687298253782650880",
"1935297032299889014","Wed Jun 18 13:18:24 +0000 2025","0","@RFritzy_JKT48 @AR_LanaJKT48 Ka Rosmerian ","1935326229441429982","","RFritzy_JKT48","in","","0","0","0","https://x.com/undefined/status/1935326229441429982","78565229",
"1935297032299889014","Wed Jun 18 13:13:32 +0000 2025","0","@AR_LanaJKT48 @RFritzy_JKT48 pembohong kau pembohong~~~","1935325007204565123","","AR_LanaJKT48","in","","0","0","0","https://x.com/undefined/status/1935325007204565123","1707665100348567552",
"1935274671173517593","Wed Jun 18 13:10:29 +0000 2025","0","@DomLica_ @RFritzy_JKT48 @AR_LanaJKT48 Kasihan cik","1935324236790513891","","DomLica_","in","","0","0","0","https://x.com/undefined/status/1935324236790513891","1926270739126124544",
"1935297032299889014","Wed Jun 18 13:09:19 +0000 2025","0","@RFritzy_JKT48 @AR_LanaJKT48 imut banget sih kamu jadi sayang deh","1935323944707571963","","RFritzy_JKT48","in","","0","0","0","https://x.com/undefined/status/1935323944707571963","1790798782524964866",
"1935297032299889014","Wed Jun 18 13:05:20 +0000 2025","0","@RFritzy_JKT48 @AR_LanaJKT48 cantik","1935322939630698991","","RFritzy_JKT48","in","","0","0","0","https://x.com/undefined/status/1935322939630698991","1409668445206024195",
"1935297032299889014","Wed Jun 18 13:02:39 +0000 2025","0","@RFritzy_JKT48 @AR_LanaJKT48 cosplay jadi lana ceritanya ini?","1935322266826588319","","RFritzy_JKT48","in","","0","0","0","https://x.com/undefined/status/1935322266826588319","1652135600831729665",
"1935295686255460456","Wed Jun 18 13:02:39 +0000 2025","0","@Biyaaa_58 @FritzyForce @AR_LanaJKT48 @Lanautica_OFC @RFritzy_JKT48 gapapa mas sesekali si pesulap soft spoken dikasi teman main yang barbarnya bukan main","1935322265350185440","","Biyaaa_58","in","","0","1","0","https://x.com/undefined/status/1935322265350185440","1707665100348567552",
"1935297032299889014","Wed Jun 18 13:01:00 +0000 2025","0","@RFritzy_JKT48 @AR_LanaJKT48 Pritji? Cakep bgt","1935321851808596023","","RFritzy_JKT48","in","","0","0","0","https://x.com/undefined/status/1935321851808596023","1209098639307464704",
"1935321622652854602","Wed Jun 18 13:00:06 +0000 2025","50","Kemarin telah dilaksanakan video call terakhir di bulan Juni bersama @RFritzy_JKT48. Terima kasih #ZyFriends yang sudah berpartisipasi! Bagi yang ingin memberikan feedback untuk video call Fritzy silakan mengisi link berikut: https://t.co/9jKGUY1RfK Mohon dukungannya https://t.co/khvjpXg4je","1935321622652854602","https://pbs.twimg.com/media/Gtukwd7WoAAj3XD.jpg","","in","","1","2","10","https://x.com/undefined/status/1935321622652854602","1724117575683182594",
"1935319648997896544","Wed Jun 18 12:54:24 +0000 2025","0","@dyongrh_ @RFritzy_JKT48 Kalau ini pernah kenal juga ngga","1935320188519596183","","dyongrh_","in","","0","0","0","https://x.com/undefined/status/1935320188519596183","586430888",
"1935297032299889014","Wed Jun 18 12:53:51 +0000 2025","0","@FreyaAddict1 @RFritzy_JKT48 @AR_LanaJKT48 personal banget sih","1935320052787724333","","FreyaAddict1","in","","0","0","0","https://x.com/undefined/status/1935320052787724333","1735355571476545536",
"1935319648997896544","Wed Jun 18 12:52:55 +0000 2025","0","@JambuBiji08 masa gitu ji @RFritzy_JKT48","1935319817634070949","","JambuBiji08","in","","0","1","0","https://x.com/undefined/status/1935319817634070949","992020988500955136",
"1935297032299889014","Wed Jun 18 12:52:37 +0000 2025","1","@Daymazu_ @FreyaAddict1 @RFritzy_JKT48 @AR_LanaJKT48 Njir. Itu mah fredik emang haters fritzy","1935319741989797949","","Daymazu_","in","","0","0","0","https://x.com/undefined/status/1935319741989797949","1758467104767090688",
"1935297032299889014","Wed Jun 18 12:52:10 +0000 2025","0","@AR_LanaJKT48 @RFritzy_JKT48 bohon","1935319628198330698","","AR_LanaJKT48","in","","0","0","0","https://x.com/undefined/status/1935319628198330698","1588897095993282560",
"1935297032299889014","Wed Jun 18 12:49:46 +0000 2025","0","@FreyaAddict1 @RFritzy_JKT48 @AR_LanaJKT48 Template @garpusome44 Apakah sebentar lagi jadi garpuaddict","1935319026059854094","","FreyaAddict1","in","","0","1","0","https://x.com/undefined/status/1935319026059854094","1632898690825474048",
"1935274671173517593","Wed Jun 18 12:47:42 +0000 2025","0","@DomLica_ @RFritzy_JKT48 @AR_LanaJKT48 Piji lucu amat woee","1935318504909193609","","DomLica_","in","","0","0","0","https://x.com/undefined/status/1935318504909193609","262076335",
"1935297032299889014","Wed Jun 18 12:46:41 +0000 2025","0","@RFritzy_JKT48 @AR_LanaJKT48 Makasih live nya bub","1935318246540124602","","RFritzy_JKT48","in","","0","0","0","https://x.com/undefined/status/1935318246540124602","1591718185182515201",
"1935297032299889014","Wed Jun 18 12:45:34 +0000 2025","0","@RFritzy_JKT48 @AR_LanaJKT48 wkwkw","1935317968185082038","","RFritzy_JKT48","in","","0","0","0","https://x.com/undefined/status/1935317968185082038","1622107913929244673",
"1935297032299889014","Wed Jun 18 12:42:52 +0000 2025","0","@FreyaAddict1 @RFritzy_JKT48 @AR_LanaJKT48 P mksud min fredik ","1935317289605517611","","FreyaAddict1","in","","0","0","0","https://x.com/undefined/status/1935317289605517611","1421406149950140417",
"1935297032299889014","Wed Jun 18 12:42:00 +0000 2025","0","@RFritzy_JKT48 @AR_LanaJKT48 Ini dya cwk lumba2 akoooh... https://t.co/irAgDCCBIm","1935317068427182439","https://pbs.twimg.com/media/GtugniJbEAAFnVm.png","RFritzy_JKT48","in","","0","0","0","https://x.com/undefined/status/1935317068427182439","1442201351606263815",
"1935297032299889014","Wed Jun 18 12:41:40 +0000 2025","0","@RFritzy_JKT48 @AR_LanaJKT48 Duh dua nya cantik","1935316984775967030","","RFritzy_JKT48","in","","0","0","0","https://x.com/undefined/status/1935316984775967030","1926270739126124544",
"1935297032299889014","Wed Jun 18 12:41:15 +0000 2025","0","@RFritzy_JKT48 @AR_LanaJKT48 Cantik banget boy","1935316880736272712","","RFritzy_JKT48","in","","0","0","0","https://x.com/undefined/status/1935316880736272712","1732028808256221184",
"1935297032299889014","Wed Jun 18 12:36:36 +0000 2025","1","@RFritzy_JKT48 @AR_LanaJKT48 maaci ya hari ini maap ya tadi gak nonton sampe abis aku ada les tadii ","1935315708642214072","","RFritzy_JKT48","in","","0","0","0","https://x.com/undefined/status/1935315708642214072","1622129996251934720",
"1935297032299889014","Wed Jun 18 12:35:09 +0000 2025","0","@RFritzy_JKT48 @AR_LanaJKT48 Anak ka lulu vs anak cepio","1935315346233446583","","RFritzy_JKT48","in","","0","0","0","https://x.com/undefined/status/1935315346233446583","1870602665534599168",
"1935264985640485291","Wed Jun 18 12:33:47 +0000 2025","0","@DomLica_ @RFritzy_JKT48 @AR_LanaJKT48 Dimohon kepada orang tua dari 2 anak ini dimohon menuju sumber suara kelakuannya udah random parah..terima kasih","1935315003349078118","","DomLica_","in","","0","0","0","https://x.com/undefined/status/1935315003349078118","1525079263774650368",
"1935297032299889014","Wed Jun 18 12:31:48 +0000 2025","0","@FreyaAddict1 @RFritzy_JKT48 @AR_LanaJKT48 Kalau hanip heters preya predik heters pritji heters cepio siapa?","1935314501592867108","","FreyaAddict1","in","","0","0","0","https://x.com/undefined/status/1935314501592867108","1069813576972427264",
"1935297032299889014","Wed Jun 18 12:10:57 +0000 2025","0","@RFritzy_JKT48 @AR_LanaJKT48 CANTIK BANGET BUSET","1935309256695447888","","RFritzy_JKT48","in","","0","0","0","https://x.com/undefined/status/1935309256695447888","948035643627618306",
"1935295686255460456","Wed Jun 18 12:10:54 +0000 2025","0","@Biyaaa_58 @FritzyForce @AR_LanaJKT48 @Lanautica_OFC @RFritzy_JKT48 Wkwkwk seru sekali tadi kak Biyaa. Maafin juga ya tadi antara terlalu kompe atau terlalu laper anaknya https://t.co/6sFEFU5tx9","1935309241491087531","https://pbs.twimg.com/media/GtuZf8qXQAEiSVy.jpg","Biyaaa_58","in","","0","1","0","https://x.com/undefined/status/1935309241491087531","1515272115154751488",
"1935295179147330016","Wed Jun 18 12:09:18 +0000 2025","1","@kwinra_u @RFritzy_JKT48 Parah jago bgt dia wkwk","1935308839001403701","","kwinra_u","in","","0","0","0","https://x.com/undefined/status/1935308839001403701","1217073126535647233",
"1935297032299889014","Wed Jun 18 12:07:25 +0000 2025","0","@AR_LanaJKT48 @RFritzy_JKT48 ga prcya","1935308365619724498","","AR_LanaJKT48","in","","0","0","0","https://x.com/undefined/status/1935308365619724498","1616405289867313152",
"1935297032299889014","Wed Jun 18 12:07:13 +0000 2025","0","@RFritzy_JKT48 @AR_LanaJKT48 CELANA","1935308316537913641","","RFritzy_JKT48","in","","0","0","0","https://x.com/undefined/status/1935308316537913641","1616405289867313152",
"1935297032299889014","Wed Jun 18 12:07:00 +0000 2025","0","@AR_LanaJKT48 @RFritzy_JKT48 apasih lan","1935308263467401493","","AR_LanaJKT48","in","","0","0","0","https://x.com/undefined/status/1935308263467401493","1616405289867313152",
"1935297032299889014","Wed Jun 18 12:06:55 +0000 2025","0","@RFritzy_JKT48 @AR_LanaJKT48 Terimakasih pijii ","1935308238494515311","","RFritzy_JKT48","in","","0","0","0","https://x.com/undefined/status/1935308238494515311","1217073126535647233",
"1935297032299889014","Wed Jun 18 12:06:41 +0000 2025","0","@RFritzy_JKT48 @AR_LanaJKT48 lucunyaa oiii","1935308181946908700","","RFritzy_JKT48","in","","0","0","0","https://x.com/undefined/status/1935308181946908700","1616405289867313152",
"1935297032299889014","Wed Jun 18 12:05:03 +0000 2025","0","@AR_LanaJKT48 @RFritzy_JKT48 Emang benar Aurhel Alana","1935307770728956065","","AR_LanaJKT48","in","","0","0","0","https://x.com/undefined/status/1935307770728956065","1693557165938937856",
"1935297032299889014","Wed Jun 18 12:04:36 +0000 2025","0","@AR_LanaJKT48 @RFritzy_JKT48 Gk boleh gitu","1935307658191585373","","AR_LanaJKT48","in","","0","0","0","https://x.com/undefined/status/1935307658191585373","1693557165938937856",
"1935307537634705494","Wed Jun 18 12:04:07 +0000 2025","120","tengkyuu livenyaa @RFritzy_JKT48 @AR_LanaJKT48 https://t.co/ymWviCU7k8","1935307537634705494","https://pbs.twimg.com/media/GtuX8staQAg6bKL.jpg","","in","","0","0","15","https://x.com/undefined/status/1935307537634705494","1861315544512897024",
"1935168867694952583","Wed Jun 18 12:03:40 +0000 2025","0","@pedestrianSCBD @RFritzy_JKT48 gabisa mas","1935307423436390606","","pedestrianSCBD","in","","0","0","0","https://x.com/undefined/status/1935307423436390606","1228504254681210882",
"1935025037490499992","Wed Jun 18 12:01:49 +0000 2025","0","@Benedict_D18 @S_GraciaJKT48 @C_IndahJKT48 @RFritzy_JKT48 HBD mas ben doa terbaik selalu menyertaimu","1935306956841050160","","Benedict_D18","in","","0","1","0","https://x.com/undefined/status/1935306956841050160","1185578766140985344",
"1935297032299889014","Wed Jun 18 11:59:45 +0000 2025","0","@AR_LanaJKT48 @RFritzy_JKT48 Bohonn ahhh","1935306438970327154","","AR_LanaJKT48","in","","0","0","0","https://x.com/undefined/status/1935306438970327154","1400743765787111424",
"1935297032299889014","Wed Jun 18 11:59:10 +0000 2025","0","@AR_LanaJKT48 @RFritzy_JKT48 SIJI LORO TELU 1 2 3 itu baru bener ","1935306288294224246","","AR_LanaJKT48","in","","0","0","0","https://x.com/undefined/status/1935306288294224246","1319231871293640704",
"1935297032299889014","Wed Jun 18 11:59:02 +0000 2025","0","@AR_LanaJKT48 @RFritzy_JKT48 Jangan bohon sayang","1935306258422317140","","AR_LanaJKT48","in","","0","0","0","https://x.com/undefined/status/1935306258422317140","1874174982785556480",
"1935297032299889014","Wed Jun 18 11:57:52 +0000 2025","0","@RFritzy_JKT48 @AR_LanaJKT48 Lucu banget","1935305961176236134","","RFritzy_JKT48","in","","0","0","0","https://x.com/undefined/status/1935305961176236134","257361165",
"1935305702165332434","Wed Jun 18 11:56:50 +0000 2025","389","Trisha Fritzy @JTrisha_JKT48 @RFritzy_JKT48 Latihan Pestapora Solo 150625 https://t.co/dqxfzWwNpJ","1935305702165332434","https://pbs.twimg.com/media/GtuWRbwW0AArkiA.jpg","","in","","0","0","85","https://x.com/undefined/status/1935305702165332434","1063594982517473281",
"1935297032299889014","Wed Jun 18 11:55:47 +0000 2025","2","@RFritzy_JKT48 @AR_LanaJKT48 suka model rambutnya zy masih ada lg gak fotonya?","1935305438737875011","","RFritzy_JKT48","in","","0","0","0","https://x.com/undefined/status/1935305438737875011","1855612191229259776",
"1935297032299889014","Wed Jun 18 11:55:13 +0000 2025","0","@AR_LanaJKT48 @RFritzy_JKT48 terus siapa? aurhel? alana? lana? alana bekasi?","1935305297171726344","","AR_LanaJKT48","in","","0","0","0","https://x.com/undefined/status/1935305297171726344","1277178837407633409",
"1935297032299889014","Wed Jun 18 11:53:19 +0000 2025","0","@AR_LanaJKT48 @RFritzy_JKT48 sunda jawa","1935304815967617385","","AR_LanaJKT48","in","","0","0","0","https://x.com/undefined/status/1935304815967617385","1417154950711300105",
"1935297032299889014","Wed Jun 18 11:49:00 +0000 2025","0","@AR_LanaJKT48 @RFritzy_JKT48 Jan boong deh celana","1935303731421266397","","AR_LanaJKT48","in","","0","0","0","https://x.com/undefined/status/1935303731421266397","1556578591680655362",
"1935297032299889014","Wed Jun 18 11:48:22 +0000 2025","0","@RFritzy_JKT48 @AR_LanaJKT48 celana wkwkwk","1935303571236602211","","RFritzy_JKT48","in","","0","0","0","https://x.com/undefined/status/1935303571236602211","1766405333273206784",
"1935297032299889014","Wed Jun 18 11:44:52 +0000 2025","0","@AR_LanaJKT48 @RFritzy_JKT48 Bohong","1935302693045887401","","AR_LanaJKT48","in","","0","0","0","https://x.com/undefined/status/1935302693045887401","153740862",
"1935297032299889014","Wed Jun 18 11:44:35 +0000 2025","0","@AR_LanaJKT48 @RFritzy_JKT48 Rolo apaan?","1935302620626960731","","AR_LanaJKT48","in","","0","0","0","https://x.com/undefined/status/1935302620626960731","153740862",
"1935297032299889014","Wed Jun 18 11:44:14 +0000 2025","0","@AR_LanaJKT48 @RFritzy_JKT48 loro lan sama telu bukan rolo tilu ","1935302531028238532","","AR_LanaJKT48","in","","0","0","0","https://x.com/undefined/status/1935302531028238532","1844574561569996800",
"1935297032299889014","Wed Jun 18 11:43:49 +0000 2025","0","@AR_LanaJKT48 @RFritzy_JKT48 Pembohong","1935302427412185492","","AR_LanaJKT48","in","","0","0","0","https://x.com/undefined/status/1935302427412185492","1275914937177567234",
"1935168867694952583","Wed Jun 18 11:42:51 +0000 2025","0","@xxaff_ @RFritzy_JKT48 setang seting ml fit","1935302184184471743","","xxaff_","in","","0","1","0","https://x.com/undefined/status/1935302184184471743","1112262701231726592",
"1935297032299889014","Wed Jun 18 11:42:42 +0000 2025","0","@AR_LanaJKT48 @RFritzy_JKT48 halah","1935302146112766244","","AR_LanaJKT48","in","","0","0","0","https://x.com/undefined/status/1935302146112766244","1536869763888349184",
"1935297032299889014","Wed Jun 18 11:42:34 +0000 2025","0","@AR_LanaJKT48 @RFritzy_JKT48 Bohong","1935302112830963773","","AR_LanaJKT48","in","","0","0","0","https://x.com/undefined/status/1935302112830963773","1592113496207990785",
"1935297032299889014","Wed Jun 18 11:42:32 +0000 2025","0","@RFritzy_JKT48 @AR_LanaJKT48 maaci ya zy","1935302104807260384","","RFritzy_JKT48","in","","0","0","0","https://x.com/undefined/status/1935302104807260384","1780315976447467522",
"1935297032299889014","Wed Jun 18 11:42:30 +0000 2025","0","@RFritzy_JKT48 @AR_LanaJKT48 serangan telak dari ce piji","1935302096653586811","","RFritzy_JKT48","in","","0","0","0","https://x.com/undefined/status/1935302096653586811","1909424872360755226",
"1935297032299889014","Wed Jun 18 11:42:10 +0000 2025","0","@RFritzy_JKT48 @AR_LanaJKT48 celana ","1935302013086220727","","RFritzy_JKT48","in","","0","0","0","https://x.com/undefined/status/1935302013086220727","1780315976447467522",
"1935297032299889014","Wed Jun 18 11:42:03 +0000 2025","0","@RFritzy_JKT48 @AR_LanaJKT48 Terimakasih ce Lana @AR_LanaJKT48","1935301984128745973","","RFritzy_JKT48","in","","0","0","0","https://x.com/undefined/status/1935301984128745973","1914815474669649920",
"1935295686255460456","Wed Jun 18 11:42:02 +0000 2025","0","@Biyaaa_58 @FritzyForce @AR_LanaJKT48 @Lanautica_OFC @RFritzy_JKT48 Asli lucu bgt mereka kalu dah berdua ada2 aja yg dilakukan di luar ekspektasi sangat menghibur di jam2 sore live mereka tdi","1935301980525838665","","Biyaaa_58","in","","0","1","0","https://x.com/undefined/status/1935301980525838665","1645463718602641408",
"1935297032299889014","Wed Jun 18 11:41:49 +0000 2025","1","@Lanautica_OFC @RFritzy_JKT48 @AR_LanaJKT48 Hey hey heyy!.... Yang kanan foto sebelah kiri berarti pritzy kalau foto kanan sebelah kanan baru oshimu Sekarang yang anda maksud sebelah kanan kanan yang mana?","1935301925676990563","","Lanautica_OFC","in","","0","0","0","https://x.com/undefined/status/1935301925676990563","1923313321501155328",
"1935297032299889014","Wed Jun 18 11:41:43 +0000 2025","0","@AR_LanaJKT48 @RFritzy_JKT48 Pembohong","1935301899705794967","","AR_LanaJKT48","in","","0","0","0","https://x.com/undefined/status/1935301899705794967","1021370846525321216",
"1935297032299889014","Wed Jun 18 11:41:23 +0000 2025","0","@RFritzy_JKT48 @AR_LanaJKT48 PERANG DONG https://t.co/0eUbFApPRj","1935301815387779229","https://pbs.twimg.com/tweet_video_thumb/GtuSvOTWwAAcjyW.jpg","RFritzy_JKT48","in","","0","0","0","https://x.com/undefined/status/1935301815387779229","1728750753257553920",
"1935295686255460456","Wed Jun 18 11:41:03 +0000 2025","0","@TanpaNama185 @FritzyForce @AR_LanaJKT48 @Lanautica_OFC @RFritzy_JKT48 WKWKWK lucuu kok tapii merekaa tadi rusuhnya love them ","1935301731342307660","","TanpaNama185","in","","0","1","0","https://x.com/undefined/status/1935301731342307660","1346217795067891713",
"1935297032299889014","Wed Jun 18 11:40:59 +0000 2025","0","@AR_LanaJKT48 @RFritzy_JKT48 Ga percaya ah","1935301714955092144","","AR_LanaJKT48","in","","0","0","0","https://x.com/undefined/status/1935301714955092144","1540237297622196226",
"1935296703835656674","Wed Jun 18 11:40:29 +0000 2025","0","@_woiannn @Kimmy_JKT48 @JTrisha_JKT48 @Delynn_JKT48 @Lily_JKT48 @Aralie_JKT48 @CErine_JKT48 @M_OlineJKT48 @Levi_JKT48 @SNayla_JKT48 @Nachia_JKT48 @Nala_JKT48 @Regie_JKT48 @Ribka_JKT48 @AR_LanaJKT48 @RFritzy_JKT48 emang bisa bang setting verif? kayaknya emang dunia tahu aku cinta gen 12 makanya di verifin terus","1935301588194849166","","_woiannn","in","","0","1","0","https://x.com/undefined/status/1935301588194849166","1806061514165751808",
"1935297032299889014","Wed Jun 18 11:40:08 +0000 2025","0","@AR_LanaJKT48 @RFritzy_JKT48 jujur aja sih siapa lagi bukan kamu","1935301501133758838","","AR_LanaJKT48","in","","0","0","0","https://x.com/undefined/status/1935301501133758838","1717681334297182208",
"1935297032299889014","Wed Jun 18 11:39:57 +0000 2025","0","@RFritzy_JKT48 @AR_LanaJKT48 Fiony Junior dan Lulu Junior ️","1935301453301825987","","RFritzy_JKT48","in","","0","0","0","https://x.com/undefined/status/1935301453301825987","1728750753257553920",
"1935297032299889014","Wed Jun 18 11:39:01 +0000 2025","0","@AR_LanaJKT48 @RFritzy_JKT48 ah yg bener?","1935301220178305182","","AR_LanaJKT48","in","","0","0","0","https://x.com/undefined/status/1935301220178305182","1650041454549700610",
"1935297032299889014","Wed Jun 18 11:36:32 +0000 2025","0","@AR_LanaJKT48 @RFritzy_JKT48 jangan bohonn","1935300595621183643","","AR_LanaJKT48","in","","0","0","0","https://x.com/undefined/status/1935300595621183643","1040923165508034560",
"1935295686255460456","Wed Jun 18 11:36:21 +0000 2025","0","@Biyaaa_58 @FritzyForce @AR_LanaJKT48 @Lanautica_OFC @RFritzy_JKT48 Iya mas gpp sebagai fritzy oshi sangat memaklumi itu hehe ","1935300546145226844","","Biyaaa_58","in","","0","1","0","https://x.com/undefined/status/1935300546145226844","1645463718602641408",
"1935297032299889014","Wed Jun 18 11:36:01 +0000 2025","0","@RFritzy_JKT48 @AR_LanaJKT48 WKWKWKWKWKWK CAPEE","1935300464012312992","","RFritzy_JKT48","in","","0","0","0","https://x.com/undefined/status/1935300464012312992","1540237297622196226",
"1935297032299889014","Wed Jun 18 11:35:46 +0000 2025","0","@AR_LanaJKT48 @RFritzy_JKT48 Wkwkwkwk","1935300400237920622","","AR_LanaJKT48","in","","0","0","0","https://x.com/undefined/status/1935300400237920622","1540237297622196226",
"1935297032299889014","Wed Jun 18 11:35:27 +0000 2025","0","@AR_LanaJKT48 @RFritzy_JKT48 apalah","1935300320651071503","","AR_LanaJKT48","in","","0","0","0","https://x.com/undefined/status/1935300320651071503","1675923568448925697",
"1935297032299889014","Wed Jun 18 11:35:23 +0000 2025","0","@AR_LanaJKT48 @RFritzy_JKT48 Bohon terus siapa kocak?ci gre?","1935300305027219593","","AR_LanaJKT48","in","","0","0","0","https://x.com/undefined/status/1935300305027219593","1487094406578466816",
"1935297032299889014","Wed Jun 18 11:35:20 +0000 2025","0","@AR_LanaJKT48 @RFritzy_JKT48 SAMA SAMA PAPAT LIMA ENEM PITU","1935300291370565934","","AR_LanaJKT48","in","","0","0","0","https://x.com/undefined/status/1935300291370565934","1717681334297182208",
"1935297032299889014","Wed Jun 18 11:35:02 +0000 2025","0","@RFritzy_JKT48 @AR_LanaJKT48 Aiihh cantik banget ya kamu","1935300217949335655","","RFritzy_JKT48","in","","0","1","0","https://x.com/undefined/status/1935300217949335655","1491824679182475273",
"1935275620507992554","Wed Jun 18 11:34:41 +0000 2025","0","@DomLica_ @RFritzy_JKT48 @AR_LanaJKT48 Lana di sini kok kayak yupi yah ","1935300128442909148","","DomLica_","in","","0","0","0","https://x.com/undefined/status/1935300128442909148","1872478759816925184",
"1935297032299889014","Wed Jun 18 11:34:28 +0000 2025","0","@AR_LanaJKT48 @RFritzy_JKT48 jangan bohon kamu","1935300072994132270","","AR_LanaJKT48","in","","0","0","0","https://x.com/undefined/status/1935300072994132270","1392819165812051969",
"1935297032299889014","Wed Jun 18 11:34:15 +0000 2025","0","@AR_LanaJKT48 @RFritzy_JKT48 KENAPA IJI ROLO TILU ","1935300019164483955","","AR_LanaJKT48","in","","0","0","0","https://x.com/undefined/status/1935300019164483955","1392819165812051969",
"1935168867694952583","Wed Jun 18 11:34:07 +0000 2025","0","@RFritzy_JKT48 Streak apa sih?","1935299987854012658","","RFritzy_JKT48","in","","0","0","0","https://x.com/undefined/status/1935299987854012658","757845449159999489",
"1935297032299889014","Wed Jun 18 11:33:38 +0000 2025","0","@RFritzy_JKT48 @AR_LanaJKT48 aku yang makasih","1935299862960161090","","RFritzy_JKT48","in","","0","0","0","https://x.com/undefined/status/1935299862960161090","1796226474535710720",
"1935297032299889014","Wed Jun 18 11:33:02 +0000 2025","0","@AR_LanaJKT48 @RFritzy_JKT48 dihh siapa dong","1935299712917320068","","AR_LanaJKT48","in","","0","0","0","https://x.com/undefined/status/1935299712917320068","1675736280041410560",
"1935297032299889014","Wed Jun 18 11:32:53 +0000 2025","0","@RFritzy_JKT48 @AR_LanaJKT48 KWOWKWOKWOW","1935299676288467079","","RFritzy_JKT48","in","","0","0","0","https://x.com/undefined/status/1935299676288467079","1449297515426156552",
"1935297032299889014","Wed Jun 18 11:32:52 +0000 2025","0","@AR_LanaJKT48 @RFritzy_JKT48 APASIH ","1935299673507643762","","AR_LanaJKT48","in","","0","0","0","https://x.com/undefined/status/1935299673507643762","1840048816202067968",
"1935025037490499992","Wed Jun 18 11:32:49 +0000 2025","0","@Kokoroobiru @S_GraciaJKT48 @C_IndahJKT48 @RFritzy_JKT48 Terima kasih ya kak Gbu! ","1935299658416554000","","Kokoroobiru","in","","0","0","0","https://x.com/undefined/status/1935299658416554000","751189644",
"1935297032299889014","Wed Jun 18 11:31:53 +0000 2025","0","@RFritzy_JKT48 @AR_LanaJKT48 timaaci kaliannnnn","1935299422537269444","","RFritzy_JKT48","in","","0","0","0","https://x.com/undefined/status/1935299422537269444","1709158904582836224",
"1935025037490499992","Wed Jun 18 11:31:45 +0000 2025","0","@enchanciaaa @S_GraciaJKT48 @C_IndahJKT48 @RFritzy_JKT48 Terima kasihhh ya min Dis Gbu! ","1935299391813992851","","enchanciaaa","in","","0","0","0","https://x.com/undefined/status/1935299391813992851","751189644",
"1935289175999397912","Wed Jun 18 11:31:44 +0000 2025","0","@RFritzy_JKT48 @AR_LanaJKT48 @Lanautica_OFC @FritzyForce @idn_app Sekalian special edition #RaBulana yaa Shengg ehee @AR_LanaJKT48","1935299387972059327","","Biyaaa_58","in","","0","0","0","https://x.com/undefined/status/1935299387972059327","1346217795067891713",
"1935297032299889014","Wed Jun 18 11:31:40 +0000 2025","0","@AR_LanaJKT48 @RFritzy_JKT48 Iyah percaya kok.","1935299368908898647","","AR_LanaJKT48","in","","0","0","0","https://x.com/undefined/status/1935299368908898647","1060342842738958336",
"1935297032299889014","Wed Jun 18 11:31:27 +0000 2025","0","@RFritzy_JKT48 @AR_LanaJKT48 Wkwkwk celana ","1935299314764669013","","RFritzy_JKT48","in","","0","0","0","https://x.com/undefined/status/1935299314764669013","1060342842738958336",
"1935297032299889014","Wed Jun 18 11:31:22 +0000 2025","0","@AR_LanaJKT48 @RFritzy_JKT48 owh hoak hoak","1935299295500239211","","AR_LanaJKT48","in","","0","0","0","https://x.com/undefined/status/1935299295500239211","470680786",
"1935297032299889014","Wed Jun 18 11:31:21 +0000 2025","1","@RFritzy_JKT48 @AR_LanaJKT48 Impas kalian","1935299288193781776","","RFritzy_JKT48","in","","0","0","0","https://x.com/undefined/status/1935299288193781776","1796857682756091904",
"1935297032299889014","Wed Jun 18 11:31:09 +0000 2025","0","@AR_LanaJKT48 @RFritzy_JKT48 Bahasa apa tuh rolo??","1935299241204924858","","AR_LanaJKT48","in","","0","0","0","https://x.com/undefined/status/1935299241204924858","1060342842738958336",
"1935297032299889014","Wed Jun 18 11:31:07 +0000 2025","0","@AR_LanaJKT48 @RFritzy_JKT48 gprcy","1935299231553921502","","AR_LanaJKT48","in","","0","0","0","https://x.com/undefined/status/1935299231553921502","1710916262384345088",
"1935297032299889014","Wed Jun 18 11:28:11 +0000 2025","0","@AR_LanaJKT48 @RFritzy_JKT48 Jgn bohon","1935298491028488443","","AR_LanaJKT48","in","","0","0","0","https://x.com/undefined/status/1935298491028488443","1448367928173207556",
"1935297032299889014","Wed Jun 18 11:28:01 +0000 2025","0","@AR_LanaJKT48 @RFritzy_JKT48 parah","1935298450306089094","","AR_LanaJKT48","in","","0","0","0","https://x.com/undefined/status/1935298450306089094","1630959867476459521",
"1935297032299889014","Wed Jun 18 11:27:56 +0000 2025","0","@RFritzy_JKT48 @AR_LanaJKT48 idol korea inimah","1935298428218786228","","RFritzy_JKT48","in","","0","0","0","https://x.com/undefined/status/1935298428218786228","1348502162",
"1935297032299889014","Wed Jun 18 11:27:55 +0000 2025","0","@RFritzy_JKT48 @AR_LanaJKT48 beuhhhh lagian fritzy dilawan kan hehehehe. kasih paham di zyyyyyyyy","1935298426654310470","","RFritzy_JKT48","in","","0","0","0","https://x.com/undefined/status/1935298426654310470","1763302091433594880",
"1935297032299889014","Wed Jun 18 11:27:53 +0000 2025","0","@AR_LanaJKT48 @RFritzy_JKT48 Ah yang bener kamu aurhel alana","1935298418869747824","","AR_LanaJKT48","in","","0","0","0","https://x.com/undefined/status/1935298418869747824","1591276742031085568",
"1935297032299889014","Wed Jun 18 11:27:40 +0000 2025","0","@AR_LanaJKT48 @RFritzy_JKT48 Nyehh kau pembohong","1935298362179559783","","AR_LanaJKT48","in","","0","0","0","https://x.com/undefined/status/1935298362179559783","1771555431879716864",
"1935297032299889014","Wed Jun 18 11:27:37 +0000 2025","2","@RFritzy_JKT48 @AR_LanaJKT48 Lah panggilan dia celana atau ciciLan...","1935298350305468792","","RFritzy_JKT48","in","","0","0","0","https://x.com/undefined/status/1935298350305468792","1543809549337268224",
"1935297032299889014","Wed Jun 18 11:27:35 +0000 2025","0","@Lanautica_OFC @RFritzy_JKT48 @AR_LanaJKT48 yang kanan priji dong min","1935298343196033429","","Lanautica_OFC","in","","0","0","0","https://x.com/undefined/status/1935298343196033429","1496686925234999296",
"1935297032299889014","Wed Jun 18 11:27:33 +0000 2025","0","@AR_LanaJKT48 @RFritzy_JKT48 Boongg","1935298335696634335","","AR_LanaJKT48","in","","0","0","0","https://x.com/undefined/status/1935298335696634335","1594846480778506241",
"1935274671173517593","Wed Jun 18 11:27:28 +0000 2025","0","@DomLica_ @RFritzy_JKT48 @AR_LanaJKT48 Furitzy chan lucu bgt ","1935298312011399489","","DomLica_","in","","0","0","0","https://x.com/undefined/status/1935298312011399489","940207782199881730",
"1935297032299889014","Wed Jun 18 11:27:25 +0000 2025","0","@AR_LanaJKT48 @RFritzy_JKT48 hilih","1935298300149907525","","AR_LanaJKT48","in","","0","0","0","https://x.com/undefined/status/1935298300149907525","1630959867476459521",
"1935297032299889014","Wed Jun 18 11:27:23 +0000 2025","0","@RFritzy_JKT48 @AR_LanaJKT48 Wkwkwkwk","1935298289932583412","","RFritzy_JKT48","in","","0","0","0","https://x.com/undefined/status/1935298289932583412","1594846480778506241",
"1935297032299889014","Wed Jun 18 11:27:17 +0000 2025","0","@RFritzy_JKT48 @AR_LanaJKT48 makasiii live nya Fritzyyyy. kamuu keren bangett maaf ya udah ngerepoting ngurus si Lana2 iniii yaaaa. semangat trus kamy ya lan sama fritzynya yang akuuuurr loh love you buat kamu berdua","1935298265848889613","","RFritzy_JKT48","in","","0","0","0","https://x.com/undefined/status/1935298265848889613","1763302091433594880",
"1935297032299889014","Wed Jun 18 11:27:10 +0000 2025","0","@AR_LanaJKT48 @RFritzy_JKT48 Wkwkwkwk","1935298238917263396","","AR_LanaJKT48","in","","0","0","0","https://x.com/undefined/status/1935298238917263396","1594846480778506241",
"1935297032299889014","Wed Jun 18 11:27:09 +0000 2025","0","@AR_LanaJKT48 @RFritzy_JKT48 jangan bohon","1935298233737298132","","AR_LanaJKT48","in","","0","0","0","https://x.com/undefined/status/1935298233737298132","1643216066288685062",
"1935297032299889014","Wed Jun 18 11:27:08 +0000 2025","0","@AR_LanaJKT48 @RFritzy_JKT48 loro telu heyy","1935298227131257341","","AR_LanaJKT48","in","","0","0","0","https://x.com/undefined/status/1935298227131257341","1697130801715171328",
"1935297032299889014","Wed Jun 18 11:27:06 +0000 2025","1","@RFritzy_JKT48 @AR_LanaJKT48 Terimakasih juga fritzy","1935298219518693680","","RFritzy_JKT48","in","","0","0","0","https://x.com/undefined/status/1935298219518693680","1654059510716313601",
"1935297032299889014","Wed Jun 18 11:27:03 +0000 2025","0","@RFritzy_JKT48 @AR_LanaJKT48 Celana ","1935298206591762817","","RFritzy_JKT48","in","","0","0","0","https://x.com/undefined/status/1935298206591762817","1771555431879716864",
"1935297032299889014","Wed Jun 18 11:27:02 +0000 2025","0","@AR_LanaJKT48 @RFritzy_JKT48 Yang bener lanaaa","1935298205132144737","","AR_LanaJKT48","in","","0","0","0","https://x.com/undefined/status/1935298205132144737","1090973410237116418",
"1935297032299889014","Wed Jun 18 11:26:08 +0000 2025","12","@AR_LanaJKT48 @RFritzy_JKT48 Bohon","1935297978367144303","","AR_LanaJKT48","in","","0","0","0","https://x.com/undefined/status/1935297978367144303","1493012581484986372",
"1935297032299889014","Wed Jun 18 11:26:07 +0000 2025","0","@AR_LanaJKT48 @RFritzy_JKT48 Wkwkwkwkwk","1935297972235026827","","AR_LanaJKT48","in","","0","0","0","https://x.com/undefined/status/1935297972235026827","821767033",
"1935297032299889014","Wed Jun 18 11:26:04 +0000 2025","0","@AR_LanaJKT48 @RFritzy_JKT48 Iji rolo tilu tu itungan berapa ya ","1935297959425638889","","AR_LanaJKT48","in","","0","0","0","https://x.com/undefined/status/1935297959425638889","1496168338812129284",
"1935297032299889014","Wed Jun 18 11:26:03 +0000 2025","2","@AR_LanaJKT48 @RFritzy_JKT48 Kau pembohong~ Kau pembohong~ https://t.co/wA3pzMmEUq","1935297954564444186","https://pbs.twimg.com/tweet_video_thumb/GtuPO2sXUAATbsT.jpg","AR_LanaJKT48","in","","0","0","1","https://x.com/undefined/status/1935297954564444186","1346217795067891713",
"1935297032299889014","Wed Jun 18 11:26:02 +0000 2025","0","@RFritzy_JKT48 @AR_LanaJKT48 Cantik banget yang baju item item","1935297953364853109","","RFritzy_JKT48","in","","0","0","0","https://x.com/undefined/status/1935297953364853109","1740982011714789376",
"1935297032299889014","Wed Jun 18 11:25:56 +0000 2025","0","@AR_LanaJKT48 @RFritzy_JKT48 Rolo apaan lan loro oy","1935297927867679219","","AR_LanaJKT48","in","","0","0","0","https://x.com/undefined/status/1935297927867679219","1675031300812709888",
"1935297032299889014","Wed Jun 18 11:25:55 +0000 2025","0","@RFritzy_JKT48 @AR_LanaJKT48 makasi botol yakult","1935297923513991547","","RFritzy_JKT48","in","","0","0","0","https://x.com/undefined/status/1935297923513991547","903093107536695297",
"1935297032299889014","Wed Jun 18 11:25:55 +0000 2025","0","@AR_LanaJKT48 @RFritzy_JKT48 Pembohong kau pembohong","1935297922469658674","","AR_LanaJKT48","in","","0","0","0","https://x.com/undefined/status/1935297922469658674","1236113693730959362",
"1935297032299889014","Wed Jun 18 11:25:52 +0000 2025","0","@AR_LanaJKT48 @RFritzy_JKT48 makasihh iji","1935297910431957449","","AR_LanaJKT48","in","","0","0","0","https://x.com/undefined/status/1935297910431957449","1913417551855722496",
"1935297032299889014","Wed Jun 18 11:25:52 +0000 2025","0","@AR_LanaJKT48 @RFritzy_JKT48 kamu berbohong ya lana","1935297908972380604","","AR_LanaJKT48","in","","0","0","0","https://x.com/undefined/status/1935297908972380604","1796703670635216896",
"1935297032299889014","Wed Jun 18 11:25:52 +0000 2025","0","@AR_LanaJKT48 @RFritzy_JKT48 aokwkwk bohonnn","1935297908133478509","","AR_LanaJKT48","in","","0","0","0","https://x.com/undefined/status/1935297908133478509","1604132837376274432",
"1935297032299889014","Wed Jun 18 11:25:51 +0000 2025","9","@AR_LanaJKT48 @RFritzy_JKT48 yg bener kamu celana? https://t.co/74dTixceSn","1935297907009404991","https://pbs.twimg.com/media/GtuPL6AXAAEgYzG.jpg","AR_LanaJKT48","in","","0","0","1","https://x.com/undefined/status/1935297907009404991","1735929708385320960",
"1935297032299889014","Wed Jun 18 11:25:51 +0000 2025","0","@AR_LanaJKT48 @RFritzy_JKT48 Bohon banget ","1935297906602561564","","AR_LanaJKT48","in","","0","0","0","https://x.com/undefined/status/1935297906602561564","1517569709582868480",
"1935297032299889014","Wed Jun 18 11:25:50 +0000 2025","0","@RFritzy_JKT48 @AR_LanaJKT48 WKWKWKKWKW","1935297902374793250","","RFritzy_JKT48","in","","0","0","0","https://x.com/undefined/status/1935297902374793250","1429370175531339776",
"1935297032299889014","Wed Jun 18 11:25:50 +0000 2025","0","@AR_LanaJKT48 @RFritzy_JKT48 JAWA JAWA","1935297899623235651","","AR_LanaJKT48","in","","0","0","0","https://x.com/undefined/status/1935297899623235651","1888337351296106496",
"1935297032299889014","Wed Jun 18 11:25:43 +0000 2025","0","@RFritzy_JKT48 @AR_LanaJKT48 Wkwkwkwkkwkwk","1935297873966477477","","RFritzy_JKT48","in","","0","0","0","https://x.com/undefined/status/1935297873966477477","1230885959169957891",
"1935297032299889014","Wed Jun 18 11:25:42 +0000 2025","0","@AR_LanaJKT48 @RFritzy_JKT48 bohonn","1935297869579436335","","AR_LanaJKT48","in","","0","0","0","https://x.com/undefined/status/1935297869579436335","1539795461758124033",
"1935297032299889014","Wed Jun 18 11:25:41 +0000 2025","0","@AR_LanaJKT48 @RFritzy_JKT48 bohon","1935297865611722878","","AR_LanaJKT48","in","","0","0","0","https://x.com/undefined/status/1935297865611722878","1175396335958102022",
"1935297032299889014","Wed Jun 18 11:25:41 +0000 2025","23","@AR_LanaJKT48 @RFritzy_JKT48 Bohon","1935297865414549756","","AR_LanaJKT48","in","","0","0","1","https://x.com/undefined/status/1935297865414549756","1725531404791095296",
"1935297032299889014","Wed Jun 18 11:24:47 +0000 2025","0","@AR_LanaJKT48 @RFritzy_JKT48 Makasih cantikkuu","1935297637441487069","","AR_LanaJKT48","in","","0","0","0","https://x.com/undefined/status/1935297637441487069","1131409974360281088",
"1935297032299889014","Wed Jun 18 11:24:47 +0000 2025","0","@RFritzy_JKT48 @AR_LanaJKT48 wkwkwk masih","1935297636501963181","","RFritzy_JKT48","in","","0","0","0","https://x.com/undefined/status/1935297636501963181","1574962321478545409",
"1935297032299889014","Wed Jun 18 11:24:45 +0000 2025","26","@RFritzy_JKT48 @AR_LanaJKT48 Sheng aku tuhhhh (Yang kanan)","1935297630894203362","","RFritzy_JKT48","in","","0","2","1","https://x.com/undefined/status/1935297630894203362","1725531404791095296",
"1935297032299889014","Wed Jun 18 11:24:44 +0000 2025","0","@RFritzy_JKT48 @AR_LanaJKT48 Yeayyy maaci seng","1935297625320051191","","RFritzy_JKT48","in","","0","0","0","https://x.com/undefined/status/1935297625320051191","1686975084337262592",
"1935297032299889014","Wed Jun 18 11:24:43 +0000 2025","0","@AR_LanaJKT48 @RFritzy_JKT48 Balaraja","1935297620953678107","","AR_LanaJKT48","in","","0","0","0","https://x.com/undefined/status/1935297620953678107","1632162524425752577",
"1935297032299889014","Wed Jun 18 11:24:42 +0000 2025","0","@RFritzy_JKT48 @AR_LanaJKT48 Celana jeans kah wkwk","1935297614829994406","","RFritzy_JKT48","in","","0","0","0","https://x.com/undefined/status/1935297614829994406","1740982011714789376",
"1935297032299889014","Wed Jun 18 11:24:41 +0000 2025","0","@AR_LanaJKT48 @RFritzy_JKT48 Wkwk loro bukan rolo","1935297613131301321","","AR_LanaJKT48","in","","0","0","0","https://x.com/undefined/status/1935297613131301321","1707576157359812608",
"1935297032299889014","Wed Jun 18 11:24:39 +0000 2025","0","@AR_LanaJKT48 @RFritzy_JKT48 Kebalik kocak yang bener LORO bukan ROLO terus yang bener TELU bukan TILU Gweh sebagai orang aja tergesek ini","1935297602893033483","","AR_LanaJKT48","in","","0","1","0","https://x.com/undefined/status/1935297602893033483","2925416480",
"1935297032299889014","Wed Jun 18 11:24:38 +0000 2025","3","@RFritzy_JKT48 @AR_LanaJKT48 Terimakasih kembali fritzy &amp; celana walaupun tadi cuma nonton beberapa detik doang tapi tetap senang ","1935297599151726723","","RFritzy_JKT48","in","","0","0","0","https://x.com/undefined/status/1935297599151726723","1923313321501155328",
"1935297032299889014","Wed Jun 18 11:24:38 +0000 2025","0","@RFritzy_JKT48 @AR_LanaJKT48 Kwkwkwkwkw nais counter attack ji","1935297597637541927","","RFritzy_JKT48","in","","0","0","0","https://x.com/undefined/status/1935297597637541927","1270694217535250432",
"1935297032299889014","Wed Jun 18 11:24:36 +0000 2025","0","@RFritzy_JKT48 @AR_LanaJKT48 celana","1935297591295807908","","RFritzy_JKT48","in","","0","0","0","https://x.com/undefined/status/1935297591295807908","1496686925234999296",
"1935297032299889014","Wed Jun 18 11:24:35 +0000 2025","1","@RFritzy_JKT48 @AR_LanaJKT48 makasih buat livenya tadi","1935297586266784236","","RFritzy_JKT48","in","","0","0","0","https://x.com/undefined/status/1935297586266784236","1574962321478545409",
"1935297032299889014","Wed Jun 18 11:24:30 +0000 2025","0","@RFritzy_JKT48 @AR_LanaJKT48 Yeayyyy aku nonton replynya aja yaa","1935297566775853200","","RFritzy_JKT48","in","","0","0","0","https://x.com/undefined/status/1935297566775853200","238811260",
"1935297032299889014","Wed Jun 18 11:24:26 +0000 2025","0","@RFritzy_JKT48 @AR_LanaJKT48 celana wkwkwk","1935297549784727646","","RFritzy_JKT48","in","","0","0","0","https://x.com/undefined/status/1935297549784727646","1796703670635216896",
"1935297032299889014","Wed Jun 18 11:24:25 +0000 2025","0","@AR_LanaJKT48 @RFritzy_JKT48 siji loro telu oiii","1935297545812721697","","AR_LanaJKT48","in","","0","0","0","https://x.com/undefined/status/1935297545812721697","1707665100348567552",
"1935297032299889014","Wed Jun 18 11:24:24 +0000 2025","0","@RFritzy_JKT48 @AR_LanaJKT48 Heh wkwkwwk","1935297541693915614","","RFritzy_JKT48","in","","0","0","0","https://x.com/undefined/status/1935297541693915614","247135071",
"1935297032299889014","Wed Jun 18 11:24:24 +0000 2025","4","@RFritzy_JKT48 @AR_LanaJKT48 ITU DIA COUNTERNYA WKWKWK Gasss!! ️‍","1935297540624367972","","RFritzy_JKT48","in","","0","0","0","https://x.com/undefined/status/1935297540624367972","1346217795067891713",
"1935297032299889014","Wed Jun 18 11:24:23 +0000 2025","0","@AR_LanaJKT48 @RFritzy_JKT48 Loro telu woi wkkwkwkw Makasih juga celana ","1935297538472788300","","AR_LanaJKT48","in","","0","0","0","https://x.com/undefined/status/1935297538472788300","1270694217535250432",
"1935297032299889014","Wed Jun 18 11:24:16 +0000 2025","0","@AR_LanaJKT48 @RFritzy_JKT48 Loro lan wkwk","1935297509171315134","","AR_LanaJKT48","in","","0","0","0","https://x.com/undefined/status/1935297509171315134","1090973410237116418",
"1935297032299889014","Wed Jun 18 11:24:15 +0000 2025","0","@RFritzy_JKT48 @AR_LanaJKT48 LUCUNYA ADIKSS AINGGG ","1935297501277663550","","RFritzy_JKT48","in","","0","0","0","https://x.com/undefined/status/1935297501277663550","1678667931977404416",
"1935297032299889014","Wed Jun 18 11:23:22 +0000 2025","0","@RFritzy_JKT48 @AR_LanaJKT48 cantiknya terimakasih juga livenya hari ini fritzy","1935297279608676576","","RFritzy_JKT48","in","","0","0","0","https://x.com/undefined/status/1935297279608676576","1796703670635216896",
"1935297032299889014","Wed Jun 18 11:23:17 +0000 2025","2887","@RFritzy_JKT48 MAKASIHHH IJI ROLO TILU","1935297260537176271","","RFritzy_JKT48","in","","1","83","88","https://x.com/undefined/status/1935297260537176271","1736615634237284352",
"1935297032299889014","Wed Jun 18 11:23:14 +0000 2025","0","@RFritzy_JKT48 @AR_LanaJKT48 Lucu banget ih ","1935297248205881364","","RFritzy_JKT48","in","","0","0","0","https://x.com/undefined/status/1935297248205881364","867932712182599680",
"1935297032299889014","Wed Jun 18 11:23:04 +0000 2025","0","@RFritzy_JKT48 @AR_LanaJKT48 lucuuu bangeetttttt","1935297205394723103","","RFritzy_JKT48","in","","0","0","0","https://x.com/undefined/status/1935297205394723103","1101305513109729280",
"1935297032299889014","Wed Jun 18 11:23:03 +0000 2025","1","@RFritzy_JKT48 @AR_LanaJKT48 Thanks juga buat live hari ini Furitzy-chan ","1935297201967874297","","RFritzy_JKT48","in","","0","0","0","https://x.com/undefined/status/1935297201967874297","1060342842738958336",
"1935297032299889014","Wed Jun 18 11:22:58 +0000 2025","1","@RFritzy_JKT48 @AR_LanaJKT48 lah ini siapa?","1935297179532542397","","RFritzy_JKT48","in","","0","0","0","https://x.com/undefined/status/1935297179532542397","1734285017378103297",
"1935297032299889014","Wed Jun 18 11:22:54 +0000 2025","0","@RFritzy_JKT48 @AR_LanaJKT48 Terima kasih piji aku tidak nonton baru pulang","1935297163724275831","","RFritzy_JKT48","in","","0","0","0","https://x.com/undefined/status/1935297163724275831","1757044833846546433",
"1935297032299889014","Wed Jun 18 11:22:54 +0000 2025","0","@RFritzy_JKT48 @AR_LanaJKT48 Selamat tadi menang","1935297163464163750","","RFritzy_JKT48","in","","0","0","0","https://x.com/undefined/status/1935297163464163750","897853421331431425",
"1935297032299889014","Wed Jun 18 11:22:53 +0000 2025","0","@RFritzy_JKT48 @AR_LanaJKT48 yeayy makacii zyyy lucu banget huee","1935297158368182362","","RFritzy_JKT48","in","","0","0","0","https://x.com/undefined/status/1935297158368182362","903093107536695297",
"1935297032299889014","Wed Jun 18 11:22:44 +0000 2025","0","@RFritzy_JKT48 @AR_LanaJKT48 YEYY TFT PIJII","1935297120032145534","","RFritzy_JKT48","in","","0","0","0","https://x.com/undefined/status/1935297120032145534","1297540010917257216",
"1935297032299889014","Wed Jun 18 11:22:43 +0000 2025","0","@RFritzy_JKT48 @AR_LanaJKT48 Trimakaciii atas hari inii. Kembali melengking dikit yaa wkwkwk","1935297115418411405","","RFritzy_JKT48","in","","0","0","0","https://x.com/undefined/status/1935297115418411405","1122555949602885633",
"1935297032299889014","Wed Jun 18 11:22:23 +0000 2025","10581","terimakasih livenya dari tim sweet savory piji &amp; ka lana https://t.co/JJfBUS3P7l","1935297032299889014","https://pbs.twimg.com/media/GtuOYa-aQAA_zWU.jpg","","in","","33","130","1476","https://x.com/undefined/status/1935297032299889014","1725130363620753408",
"1935289175999397912","Wed Jun 18 11:21:55 +0000 2025","0","@Biyaaa_58 @RFritzy_JKT48 @AR_LanaJKT48 @Lanautica_OFC @FritzyForce @idn_app Umur hanyalah angka wkwkwk","1935296915404648762","","Biyaaa_58","in","","0","1","0","https://x.com/undefined/status/1935296915404648762","2246898924",
"1935296703835656674","Wed Jun 18 11:21:04 +0000 2025","1","Rumah @Kimmy_JKT48 @JTrisha_JKT48 @Delynn_JKT48 @Lily_JKT48 @Aralie_JKT48 @CErine_JKT48 @M_OlineJKT48 @Levi_JKT48 @SNayla_JKT48 @Nachia_JKT48 @Nala_JKT48 @Regie_JKT48 @Ribka_JKT48 + @AR_LanaJKT48 @RFritzy_JKT48 https://t.co/CZ5443dJ5U","1935296703835656674","https://pbs.twimg.com/media/GtuNoY5W0AAPW84.png","","in","","0","3","0","https://x.com/undefined/status/1935296703835656674","1806061514165751808",
"1935274671173517593","Wed Jun 18 11:20:44 +0000 2025","0","@DomLica_ @RFritzy_JKT48 @AR_LanaJKT48 Main main sama pesulap ","1935296618569613806","","DomLica_","in","","0","0","0","https://x.com/undefined/status/1935296618569613806","1648944455687483394",
"1935295179147330016","Wed Jun 18 11:18:39 +0000 2025","0","@rama_dhanrh @RFritzy_JKT48 Jago kaaan","1935296094122164679","","rama_dhanrh","in","","0","1","0","https://x.com/undefined/status/1935296094122164679","1911491312269828097",
"1935295686255460456","Wed Jun 18 11:18:12 +0000 2025","3","@FritzyForce @AR_LanaJKT48 @Lanautica_OFC @RFritzy_JKT48 Kalau diliat-liat sih emang barbar karena laper aja ga sih Kamu. Orang baru makan langsung disuruh flip bottle lagi WKWKWK @AR_LanaJKT48 ","1935295978581672201","","Biyaaa_58","in","","0","0","0","https://x.com/undefined/status/1935295978581672201","1346217795067891713",
"1935274671173517593","Wed Jun 18 11:17:29 +0000 2025","0","@DomLica_ @RFritzy_JKT48 @AR_LanaJKT48 skill pesulap cilik gak perlu diragukan","1935295801514934598","","DomLica_","in","","0","0","0","https://x.com/undefined/status/1935295801514934598","1722279411679215616",
"1935289175999397912","Wed Jun 18 11:15:31 +0000 2025","1","@RT_Udeen @RFritzy_JKT48 @AR_LanaJKT48 @Lanautica_OFC @FritzyForce @idn_app Anggun adalah kosa kata yang terlupakan. Emang dasarnya kang rusuh &amp; bocil srat-srot diaa gabisa diboongin emang ","1935295306826138073","","RT_Udeen","in","","0","1","0","https://x.com/undefined/status/1935295306826138073","1346217795067891713",
"1935295179147330016","Wed Jun 18 11:15:01 +0000 2025","0","Keren gitu @RFritzy_JKT48 wkwk","1935295179147330016","","","in","","0","1","0","https://x.com/undefined/status/1935295179147330016","1217073126535647233",
"1935274671173517593","Wed Jun 18 11:11:36 +0000 2025","0","@DomLica_ @RFritzy_JKT48 @AR_LanaJKT48 astaga makan keburuu² niehh","1935294321236033992","","DomLica_","in","","0","0","0","https://x.com/undefined/status/1935294321236033992","1507024377178894337",
"1935274671173517593","Wed Jun 18 11:09:29 +0000 2025","0","@DomLica_ @RFritzy_JKT48 @AR_LanaJKT48 wkwkwk kasian ce lanaa","1935293786877476937","","DomLica_","in","","0","0","0","https://x.com/undefined/status/1935293786877476937","1838541142117486593",
"1935274671173517593","Wed Jun 18 11:09:06 +0000 2025","0","@DomLica_ @RFritzy_JKT48 @AR_LanaJKT48 Curang pake trik sulap wkwk","1935293689410240569","","DomLica_","in","","0","0","0","https://x.com/undefined/status/1935293689410240569","1621076039689736194",
"1935274671173517593","Wed Jun 18 11:08:58 +0000 2025","0","@DomLica_ @RFritzy_JKT48 @AR_LanaJKT48 lawan pesulap sulit lah :v","1935293658066207218","","DomLica_","in","","0","0","0","https://x.com/undefined/status/1935293658066207218","3007210408",
"1935279519600107902","Wed Jun 18 11:08:50 +0000 2025","0","@FritzyForce @RFritzy_JKT48 @AR_LanaJKT48 @Lanautica_OFC @idn_app bisa jadi zyland gak nih??","1935293623060557986","","FritzyForce","in","","0","0","0","https://x.com/undefined/status/1935293623060557986","1870285690040397824",
"1935274671173517593","Wed Jun 18 11:07:21 +0000 2025","7","@DomLica_ @RFritzy_JKT48 @AR_LanaJKT48 Aku sukak @RFritzy_JKT48 yg sekarang https://t.co/OCUnGVbAFr","1935293248156967307","https://pbs.twimg.com/media/GtuK8ifboAAxhCQ.png","DomLica_","in","","0","0","0","https://x.com/undefined/status/1935293248156967307","1442201351606263815",
"1935292966941376648","Wed Jun 18 11:06:13 +0000 2025","2","Janlup makan ya klean hidup butuh banyak tenaga agar supaya selalu hepi kiwoyo @S_GraciaJKT48 @C_IndahJKT48 @RFritzy_JKT48 https://t.co/6VX6sGoBvh","1935292966941376648","https://pbs.twimg.com/media/GtuKsk9X0AAQOlH.jpg","","in","","1","0","0","https://x.com/undefined/status/1935292966941376648","751189644",
"1935268693203943516","Wed Jun 18 11:05:35 +0000 2025","2","@DomLica_ @RFritzy_JKT48 Buat game itu harusnya belajar ke freya waktu sama christy wkwkwk","1935292804315627583","","DomLica_","in","","0","0","0","https://x.com/undefined/status/1935292804315627583","1779823636087754752",
"1935292688263430520","Wed Jun 18 11:05:07 +0000 2025","256","Fritzy @RFritzy_JKT48 Latihan Pestapora Solo 150625 https://t.co/r9hWxv39YF","1935292688263430520","https://pbs.twimg.com/media/GtuKb0EXAAACZ2F.jpg","","in","","0","1","48","https://x.com/undefined/status/1935292688263430520","1063594982517473281",
"1935274671173517593","Wed Jun 18 11:05:02 +0000 2025","0","@DomLica_ @RFritzy_JKT48 @AR_LanaJKT48 akhirnya dia teriak lagi","1935292668957049340","","DomLica_","in","","0","0","0","https://x.com/undefined/status/1935292668957049340","1774458460761108481",
"1935289175999397912","Wed Jun 18 11:04:53 +0000 2025","1","@Biyaaa_58 @RFritzy_JKT48 @AR_LanaJKT48 @Lanautica_OFC @FritzyForce @idn_app Btw katanya tanggal 1 Juni mau anggunly mas? Kok ga ada? Wkwkwk lucukkk bangett emang","1935292628981137782","","Biyaaa_58","in","","0","1","0","https://x.com/undefined/status/1935292628981137782","2246898924",
"1935291743014109362","Wed Jun 18 11:01:22 +0000 2025","716","FRITZY LUCUKK @RFritzy_JKT48 Latihan Pestapora - Solo 15/06/2025 #GulaDarahku https://t.co/6WDq9Q662w","1935291743014109362","https://pbs.twimg.com/media/GtuJfcNWAAAYQHh.jpg","","in","","0","0","102","https://x.com/undefined/status/1935291743014109362","1501070643936124934",
"1935274671173517593","Wed Jun 18 10:54:33 +0000 2025","0","@DomLica_ @RFritzy_JKT48 @AR_LanaJKT48 Keren gituu bos wkwk","1935290028919501291","","DomLica_","in","","0","0","0","https://x.com/undefined/status/1935290028919501291","1217073126535647233",
"1935274671173517593","Wed Jun 18 10:54:17 +0000 2025","29","@DomLica_ @RFritzy_JKT48 @AR_LanaJKT48 @RFritzy_JKT48 sekarang ceria bngt ketawanya has ketawa tapi di barengin teriak ","1935289959847735684","","DomLica_","in","","0","0","0","https://x.com/undefined/status/1935289959847735684","1158044450678984704",
"1935289175999397912","Wed Jun 18 10:51:10 +0000 2025","126","HARUS SERUSUH ITU KAH?! Ga expect Aku muncul sampai teriak gitu ya Kamu. Dasar beneran si paling gatekeep sampai tangannya Dek @RFritzy_JKT48 ditabok + bandonya jatoh pas live wkwkwk. Emang cemburuan banget anaknya. Ikutan deh Cieee Aku mau liat kalian kok maafkan https://t.co/oZiuCzF14R","1935289175999397912","https://pbs.twimg.com/ext_tw_video_thumb/1935289088665432064/pu/img/9YoiQgO84oFyrtXH.jpg","","in","","0","2","19","https://x.com/undefined/status/1935289175999397912","1346217795067891713",
"1935288615258776011","Wed Jun 18 10:48:56 +0000 2025","18","Terimakasih ya nona @RFritzy_JKT48 udah temenin sore kita di Teman Makan ditemenin sama Kakak gemesh juga @AR_LanaJKT48 semoga di lain waktu kalian ada berdua ada challence bareng lagi yaa ditunggu pokoknya #TemenMakanJKT48 #SeruBarengIDNLive https://t.co/BpJkZRHcDq","1935288615258776011","https://pbs.twimg.com/media/GtuGtZWW0AAQNp2.jpg","","in","","0","0","2","https://x.com/undefined/status/1935288615258776011","1707665100348567552",
"1935268693203943516","Wed Jun 18 10:48:28 +0000 2025","0","@DomLica_ @RFritzy_JKT48 itu kan gelasnya sisa 1 taruh bawah buat pijakan","1935288496572481728","","DomLica_","in","","0","0","0","https://x.com/undefined/status/1935288496572481728","2774589005",
"1935274671173517593","Wed Jun 18 10:46:25 +0000 2025","11","@DomLica_ @RFritzy_JKT48 @AR_LanaJKT48 suara lumba priji keluar lagi","1935287980845089087","","DomLica_","in","","0","0","0","https://x.com/undefined/status/1935287980845089087","1772684241966673920",
"1935274671173517593","Wed Jun 18 10:45:23 +0000 2025","0","@DomLica_ @RFritzy_JKT48 @AR_LanaJKT48 Sulap ini pasti..","1935287722131996755","","DomLica_","in","","0","0","0","https://x.com/undefined/status/1935287722131996755","1345769912837410816",
"1935264985640485291","Wed Jun 18 10:44:19 +0000 2025","0","@K_Rpost @DomLica_ @RFritzy_JKT48 @AR_LanaJKT48 True banyak yg underrated dan unexpected pokoknya. Bahkan ci lia pun angkat tangan mengatasi semua member gen 12.","1935287454199849462","","K_Rpost","in","","0","0","0","https://x.com/undefined/status/1935287454199849462","1581979715887194112",
"1935280012586106924","Wed Jun 18 10:14:45 +0000 2025","1","Timakaci zy @RFritzy_JKT48 udah nemenin tadi di waktu makan makin lucu si heran","1935280012586106924","","","in","","0","0","0","https://x.com/undefined/status/1935280012586106924","903093107536695297",
"1935279993099325545","Wed Jun 18 10:14:40 +0000 2025","24","2 orang lucu. makasih livenya @RFritzy_JKT48 @AR_LanaJKT48 https://t.co/RrwzM1gKlp","1935279993099325545","https://pbs.twimg.com/media/Gtt-uZLaEAAEq66.jpg","","in","","0","0","2","https://x.com/undefined/status/1935279993099325545","1274340948512608257",
"1935279519600107902","Wed Jun 18 10:12:47 +0000 2025","468","Makasih yaaa non @RFritzy_JKT48 udah nemenin sore kita di Temen Makan bareng sama kakak kesayangan juga @AR_LanaJKT48 Semoga next time bisa ketemu lagi di program-program seru IDN Live lainnya yaaa #TemenMakanJKT48 #SeruBarengIDNLive #betterwithfritzy https://t.co/DmKZ0VRji3","1935279519600107902","https://pbs.twimg.com/media/Gtt-dufaQAEBMAQ.jpg","","in","","0","3","86","https://x.com/undefined/status/1935279519600107902","1724117575683182594",
"1935274671173517593","Wed Jun 18 10:12:37 +0000 2025","0","@DomLica_ @RFritzy_JKT48 @AR_LanaJKT48 muncul lagi tu suara lumba lumba wkwkw","1935279475585069153","","DomLica_","in","","0","0","0","https://x.com/undefined/status/1935279475585069153","1413000350928236544",
"1935279359448990033","Wed Jun 18 10:12:09 +0000 2025","4","Terima kasih atas teman makannya hari ini. Congrats yaa udah menang! #betterwithfritzy @RFritzy_JKT48 https://t.co/uSlpRdmgTs","1935279359448990033","https://pbs.twimg.com/media/Gtt-UUaaQAI-Bpq.jpg","","in","","0","0","0","https://x.com/undefined/status/1935279359448990033","1316952691554144256",
"1935274671173517593","Wed Jun 18 10:11:57 +0000 2025","0","@DomLica_ @RFritzy_JKT48 @AR_LanaJKT48 kamu pake sihir ya ce @RFritzy_JKT48","1935279306223292919","","DomLica_","in","","0","0","0","https://x.com/undefined/status/1935279306223292919","1909424872360755226",
"1935279146122494321","Wed Jun 18 10:11:18 +0000 2025","38","TERIMA KASIH @AR_LANAJKT48 DAN @RFRITZY_JKT48 ATAS #AURHELIVE DAN #ZYLIVE IDN SORE INI! MENYEMPATKAN MAMPIR SEBENTAR UNTUK GIFT TAPI BARU BISA REPLAY NANTI PULANG KERJA. KIRA-KIRA TADI RUSUH TIDAK KALIAN? https://t.co/kIDKmpoous","1935279146122494321","https://pbs.twimg.com/media/Gtt-IJXXYAAe2p9.jpg","","in","","0","0","6","https://x.com/undefined/status/1935279146122494321","1213633303661539328",
"1935279034356912206","Wed Jun 18 10:10:52 +0000 2025","1","@RFritzy_JKT48 tft teman makan! teriakan itu kembali wkwk congrats yaa. udah full banget tuh kayaknya ","1935279034356912206","","RFritzy_JKT48","in","","0","0","0","https://x.com/undefined/status/1935279034356912206","1515272115154751488",
"1935274671173517593","Wed Jun 18 10:10:49 +0000 2025","0","@DomLica_ @RFritzy_JKT48 @AR_LanaJKT48 wkwkwk baru juga megang sendok btw agk dejavu sama flora sama ashel","1935279025054007519","","DomLica_","in","","0","0","0","https://x.com/undefined/status/1935279025054007519","1596678565688266752",
"1935278918535364635","Wed Jun 18 10:10:24 +0000 2025","0","terimakasi atas hiburannya @RFritzy_JKT48 wakaka","1935278918535364635","","","in","","0","0","0","https://x.com/undefined/status/1935278918535364635","903093107536695297",
"1935274671173517593","Wed Jun 18 10:07:31 +0000 2025","11","@DomLica_ @RFritzy_JKT48 @AR_LanaJKT48 WKWKWKWK ga dikasih kesempatan wey jago amat fritzy sesepuh","1935278193013047698","","DomLica_","in","","0","0","0","https://x.com/undefined/status/1935278193013047698","1328260160888795137",
"1935277889701953704","Wed Jun 18 10:06:19 +0000 2025","3","Yeayyyy thankyou @RFritzy_JKT48 @AR_LanaJKT48 keseruannya sore ini https://t.co/rF8MLdl5SQ","1935277889701953704","https://pbs.twimg.com/media/Gtt8_DCXoAA8fxn.jpg","","in","","0","0","0","https://x.com/undefined/status/1935277889701953704","1421406149950140417",
"1935274671173517593","Wed Jun 18 10:05:37 +0000 2025","0","@DomLica_ @RFritzy_JKT48 @AR_LanaJKT48 Buset udh ada klipnya aja","1935277715550257214","","DomLica_","in","","0","0","0","https://x.com/undefined/status/1935277715550257214","1808750963194482688",
"1934990713441472561","Wed Jun 18 10:03:41 +0000 2025","0","@RFritzy_JKT48 Keren contentnya. Kenyang dapet serunya dapet. https://t.co/2dZcApHaLP","1935277227081711905","https://pbs.twimg.com/media/Gtt8Mb_WwAANIIF.jpg","franareia__","in","","0","0","0","https://x.com/undefined/status/1935277227081711905","1845507320220200960",
"1935274671173517593","Wed Jun 18 10:03:27 +0000 2025","6","@DomLica_ @RFritzy_JKT48 @AR_LanaJKT48 piji pake sulap curang","1935277169124720767","","DomLica_","in","","0","0","0","https://x.com/undefined/status/1935277169124720767","1235790028124504064",
"1935276867118055511","Wed Jun 18 10:02:15 +0000 2025","3","Ini meja ny kelebaran weyy badan kamu gk nyampe zy @RFritzy_JKT48 ","1935276867118055511","","","in","","0","0","0","https://x.com/undefined/status/1935276867118055511","1491824679182475273",
"1935274671173517593","Wed Jun 18 09:59:21 +0000 2025","75","@DomLica_ @RFritzy_JKT48 @AR_LanaJKT48 Lana lupa kalo fritzy punya tangan ajaib (magic) ","1935276138546479350","","DomLica_","in","","0","0","0","https://x.com/undefined/status/1935276138546479350","851559345556905984",
"1935275620507992554","Wed Jun 18 09:59:09 +0000 2025","2","@DomLica_ @RFritzy_JKT48 @AR_LanaJKT48 WKWKWK satu sama ya ","1935276086771974285","","DomLica_","in","","0","0","0","https://x.com/undefined/status/1935276086771974285","1069813576972427264",
"1935274671173517593","Wed Jun 18 09:57:42 +0000 2025","32","@DomLica_ @RFritzy_JKT48 @AR_LanaJKT48 Baru juga aduk-aduk itu makanan zy lananya ","1935275720315711665","","DomLica_","in","","0","0","0","https://x.com/undefined/status/1935275720315711665","1069813576972427264",
"1935275620507992554","Wed Jun 18 09:57:18 +0000 2025","758","Wkwk balas-balasan @RFritzy_JKT48 @AR_LanaJKT48 https://t.co/xiVC7sO59c","1935275620507992554","https://pbs.twimg.com/ext_tw_video_thumb/1935275469227626496/pu/img/4w1ISPtPWSaLT2lV.jpg","","in","","3","4","85","https://x.com/undefined/status/1935275620507992554","1575123322328608772",
"1935274671173517593","Wed Jun 18 09:56:33 +0000 2025","22","@DomLica_ @RFritzy_JKT48 @AR_LanaJKT48 Priji jagoo pkek trik sulap inimah keknya","1935275431290355952","","DomLica_","in","","0","0","0","https://x.com/undefined/status/1935275431290355952","853455716710993920",
"1935274671173517593","Wed Jun 18 09:53:31 +0000 2025","3811","Baru pegang sendok woe @RFritzy_JKT48 @AR_LanaJKT48 https://t.co/wc15sarROB","1935274671173517593","https://pbs.twimg.com/ext_tw_video_thumb/1935274528495841280/pu/img/m7uFD07u6wqMO21h.jpg","","in","","28","45","450","https://x.com/undefined/status/1935274671173517593","1575123322328608772",
"1935273980933587325","Wed Jun 18 09:50:47 +0000 2025","0","Tengil bet u wkwkwk @RFritzy_JKT48 ","1935273980933587325","","","in","","0","0","0","https://x.com/undefined/status/1935273980933587325","1421406149950140417",
"1935273724108046532","Wed Jun 18 09:49:46 +0000 2025","0","Makin lucu aja yaa diliat2 @RFritzy_JKT48","1935273724108046532","","","in","","0","0","0","https://x.com/undefined/status/1935273724108046532","867932712182599680",
"1935025037490499992","Wed Jun 18 09:48:37 +0000 2025","0","@Benedict_D18 @S_GraciaJKT48 @C_IndahJKT48 @RFritzy_JKT48 Walah baru lewat HBD Min Ben semoga sehat dan bahagia selalu ","1935273437397918157","","Benedict_D18","in","","0","1","0","https://x.com/undefined/status/1935273437397918157","1386757098",
"1935271130123862115","Wed Jun 18 09:39:27 +0000 2025","0","Semangat boscil @RFritzy_JKT48 ","1935271130123862115","","","in","","0","0","0","https://x.com/undefined/status/1935271130123862115","1185607346",
"1935268693203943516","Wed Jun 18 09:37:30 +0000 2025","4","@DomLica_ @RFritzy_JKT48 Naikin mejanya Ji naikin","1935270637356073019","","DomLica_","in","","0","0","1","https://x.com/undefined/status/1935270637356073019","1275914937177567234",
"1935267592857698616","Wed Jun 18 09:36:34 +0000 2025","0","@Kho_Iman61 @RFritzy_JKT48 Itu klo dijauhin dikit lagi bisa2 naik meja tuh si iji","1935270404878385531","","Kho_Iman61","in","","0","0","0","https://x.com/undefined/status/1935270404878385531","1275914937177567234",
"1935267592857698616","Wed Jun 18 09:35:35 +0000 2025","0","@cruzozzan @RFritzy_JKT48 Tolong idn mejanya dikecilin ","1935270154486809020","","cruzozzan","in","","0","1","0","https://x.com/undefined/status/1935270154486809020","1421406149950140417",
"1935025037490499992","Wed Jun 18 09:35:25 +0000 2025","0","@Benedict_D18 @S_GraciaJKT48 @C_IndahJKT48 @RFritzy_JKT48 Hbd masss. Sehat dan sukses selaluu","1935270115626680421","","Benedict_D18","in","","0","1","0","https://x.com/undefined/status/1935270115626680421","1708327696588283904",
"1935270024824201378","Wed Jun 18 09:35:04 +0000 2025","100","Gemasss sekali kak @RFritzy_JKT48 ayoo dukung kak Fritzy https://t.co/x8qNUbaJHw","1935270024824201378","https://pbs.twimg.com/ext_tw_video_thumb/1935269909061320706/pu/img/ZP_Hdt7Glcis8LZL.jpg","","in","","0","0","14","https://x.com/undefined/status/1935270024824201378","1858100405030547456",
"1935264479794840025","Wed Jun 18 09:34:21 +0000 2025","0","@DomLica_ @RFritzy_JKT48 @AR_LanaJKT48 Shonichi member inti gen 12 ceritanya.","1935269846222332175","","DomLica_","in","","0","0","0","https://x.com/undefined/status/1935269846222332175","1581979715887194112",
"1935264985640485291","Wed Jun 18 09:33:10 +0000 2025","3","@DomLica_ @RFritzy_JKT48 @AR_LanaJKT48 Sama sama anomali dan member inti dari gen 12.","1935269549252952193","","DomLica_","in","","0","1","1","https://x.com/undefined/status/1935269549252952193","1581979715887194112",
"1935268796241260723","Wed Jun 18 09:30:11 +0000 2025","0","Lah kembar @RFritzy_JKT48 @AR_LanaJKT48 https://t.co/ZUQ2jvOOwe","1935268796241260723","https://pbs.twimg.com/media/Gtt0tnnXkAAziy8.jpg","","in","","0","0","0","https://x.com/undefined/status/1935268796241260723","1914815474669649920",
"1935267592857698616","Wed Jun 18 09:30:06 +0000 2025","0","@Kho_Iman61 @RFritzy_JKT48 Kasian itu ga nyampe","1935268778000138511","","Kho_Iman61","in","","0","1","0","https://x.com/undefined/status/1935268778000138511","1275914937177567234",
"1935268693203943516","Wed Jun 18 09:29:46 +0000 2025","1105","Wkwkwk gelasnya kejauhan @RFritzy_JKT48 https://t.co/J6MM9k2SfE","1935268693203943516","https://pbs.twimg.com/ext_tw_video_thumb/1935268582394380288/pu/img/O_knktvPqJJCVReU.jpg","","in","","3","6","80","https://x.com/undefined/status/1935268693203943516","1575123322328608772",
"1935267592857698616","Wed Jun 18 09:25:24 +0000 2025","0","Semangat wkwkwkw @RFritzy_JKT48 https://t.co/hjqJwadlaz","1935267592857698616","https://pbs.twimg.com/ext_tw_video_thumb/1935267546837757952/pu/img/hEDD7IF0CzaX8sp4.jpg","","in","","0","1","0","https://x.com/undefined/status/1935267592857698616","1421406149950140417",
"1935264886940123176","Wed Jun 18 09:14:39 +0000 2025","0","@RFritzy_JKT48 &amp; @AR_LanaJKT48 baru mulai Live IDN nya https://t.co/ShnrzGxhUE","1935264886940123176","https://pbs.twimg.com/media/GttxKDRW4AA3O8z.jpg","RFritzy_JKT48","in","","0","0","1","https://x.com/undefined/status/1935264886940123176","1509507659346587650",
"1935261241196634562","Wed Jun 18 09:10:47 +0000 2025","0","@AR_LanaJKT48 Kata @RFritzy_JKT48 udah siap kalah boss?","1935263915694559635","","AR_LanaJKT48","in","","0","0","0","https://x.com/undefined/status/1935263915694559635","1069813576972427264",
"1935261241196634562","Wed Jun 18 09:05:01 +0000 2025","0","@AR_LanaJKT48 Saran aku tereakin aja kuping @RFritzy_JKT48 Lan Ntar tumbang kok","1935262464364749197","","AR_LanaJKT48","in","","0","0","0","https://x.com/undefined/status/1935262464364749197","1442201351606263815",
"1934990713441472561","Wed Jun 18 09:01:20 +0000 2025","0","@RFritzy_JKT48 @SW_RaishaJKT48 Ceeee helpp wkwkw @A_FionyJKT48","1935261537603899562","","RFritzy_JKT48","in","","0","0","0","https://x.com/undefined/status/1935261537603899562","1918196299016617984",
"1935016540828832000","Wed Jun 18 08:48:52 +0000 2025","0","@_siscasaras_ The riil idola guys @M_OlineJKT48 @RFritzy_JKT48 @Levi_JKT48 @Delynn_JKT48 @Greesel_JKT48 @AU_LiaJKT48 @CErine_JKT48 @Danella_JKT48 @Daisy_JKT48 congrats sis congrats jg buat jeketi ","1935258401254293538","","_siscasaras_","in","","0","0","0","https://x.com/undefined/status/1935258401254293538","1535914782707986432",
"1935251335202721806","Wed Jun 18 08:20:48 +0000 2025","66","Segera bersiap! Sebentar lagi kita bakal ketemu sama @RFritzy_JKT48 dan @AR_LanaJKT48 di program Temen Makan IDN Live pukul 16.00 Jangan lupa berikan dukungan terbaik kalian buat Fritzy dari team sweet yaaa! See you! https://t.co/JT3TijM68k","1935251335202721806","https://pbs.twimg.com/media/Gttk1RaXoAEQdtk.jpg","","in","","1","0","14","https://x.com/undefined/status/1935251335202721806","1724117575683182594",
"1935025037490499992","Wed Jun 18 07:57:25 +0000 2025","0","@Benedict_D18 @S_GraciaJKT48 @C_IndahJKT48 @RFritzy_JKT48 hbd mas GBU ","1935245449906250100","","Benedict_D18","in","","0","0","0","https://x.com/undefined/status/1935245449906250100","1741171737751175168",
"1935242870606508317","Wed Jun 18 07:47:10 +0000 2025","1","Semangat pritjii untuk hari ini @RFritzy_JKT48","1935242870606508317","","","in","","0","0","0","https://x.com/undefined/status/1935242870606508317","1217073126535647233",
"1935239793312678207","Wed Jun 18 07:34:56 +0000 2025","1","Bahagia selalu ya kalian! @SNayla_JKT48 @Nala_JKT48 @Nachia_JKT48 @Aralie_JKT48 @Delynn_JKT48 @AR_LanaJKT48 @Lily_JKT48 @CErine_JKT48 @M_OlineJKT48 @RFritzy_JKT48 @Regie_JKT48 @JTrisha_JKT48 @Ribka_JKT48 @Levi_JKT48 @Kimmy_JKT48 @_Letyciamoreen @saashaakim","1935239793312678207","","","in","","0","0","0","https://x.com/undefined/status/1935239793312678207","1681475817396908032",
"1935025037490499992","Wed Jun 18 07:34:16 +0000 2025","0","@skrulss @S_GraciaJKT48 @C_IndahJKT48 @RFritzy_JKT48 Terima kasih mass Gbu! ","1935239625376940169","","skrulss","in","","0","0","0","https://x.com/undefined/status/1935239625376940169","751189644",
"1935025037490499992","Wed Jun 18 07:29:00 +0000 2025","0","@dawamrasyid @Benedict_D18 @S_GraciaJKT48 @C_IndahJKT48 @RFritzy_JKT48 @Muhammadrizaa14 Pacaran kah??","1935238298617917763","","dawamrasyid","in","","0","0","0","https://x.com/undefined/status/1935238298617917763","1743999282179670016",
"1934990713441472561","Wed Jun 18 07:25:19 +0000 2025","0","@RFritzy_JKT48 kode tuh @A_FionyJKT48 @Freya_JKT48","1935237375204139160","","RFritzy_JKT48","in","","0","0","0","https://x.com/undefined/status/1935237375204139160","1398723106257080321",
"1935198326041063720","Wed Jun 18 07:24:23 +0000 2025","0","@Ribka_JKT48 Wlwkwkwkwkwk ikan cupang ikan lele lanjutin bang @CErine_JKT48 @Delynn_JKT48 @M_OlineJKT48 @RFritzy_JKT48 @Lily_JKT48 @AR_LanaJKT48 @Levi_JKT48","1935237138687344681","","Ribka_JKT48","in","","0","0","0","https://x.com/undefined/status/1935237138687344681","1535914782707986432",
"1935025037490499992","Wed Jun 18 07:23:40 +0000 2025","0","@Benedict_D18 @S_GraciaJKT48 @C_IndahJKT48 @RFritzy_JKT48 selamat hbd mas","1935236957694804071","","Benedict_D18","in","","0","1","0","https://x.com/undefined/status/1935236957694804071","1761804371057340416",
"1935025037490499992","Wed Jun 18 07:13:46 +0000 2025","0","@Benedict_D18 @S_GraciaJKT48 @C_IndahJKT48 @RFritzy_JKT48 Selamat hbd Ben","1935234467230269806","","Benedict_D18","in","","0","1","0","https://x.com/undefined/status/1935234467230269806","1743999282179670016",
"1935178249711321329","Wed Jun 18 07:11:30 +0000 2025","0","@AR_LanaJKT48 jgn mau kalah cil tunjukin yg galak-galak @RFritzy_JKT48","1935233896129642641","","AR_LanaJKT48","in","","0","0","0","https://x.com/undefined/status/1935233896129642641","751189644",
"1935025037490499992","Wed Jun 18 06:55:43 +0000 2025","0","@Muhammadrizaa14 @Benedict_D18 @S_GraciaJKT48 @C_IndahJKT48 @RFritzy_JKT48 oh salah ya ini maksudnya @Benedict_D18 terlalu kembar mas. maaf. Selamat ulang tahun @Benedict_D18","1935229923217805452","","Muhammadrizaa14","in","","0","1","0","https://x.com/undefined/status/1935229923217805452","1487302398427435014",
"1935025037490499992","Wed Jun 18 06:54:02 +0000 2025","0","@dawamrasyid @Benedict_D18 @S_GraciaJKT48 @C_IndahJKT48 @RFritzy_JKT48 aku masih bulan depan wam","1935229499769303296","","dawamrasyid","in","","0","2","0","https://x.com/undefined/status/1935229499769303296","978271092006559744",
"1935025037490499992","Wed Jun 18 06:50:58 +0000 2025","0","@RFDorable_ @S_GraciaJKT48 @C_IndahJKT48 @RFritzy_JKT48 Terima kasih ya kak ci epp Gbu! semangat semangat hehe ","1935228727899865294","","RFDorable_","in","","0","0","0","https://x.com/undefined/status/1935228727899865294","751189644",
"1935025037490499992","Wed Jun 18 06:48:25 +0000 2025","0","@Chikakuyy @S_GraciaJKT48 @C_IndahJKT48 @RFritzy_JKT48 Ka chikuy makasii banyak ya kak. Gbu!","1935228088042025362","","Chikakuyy","in","","0","0","0","https://x.com/undefined/status/1935228088042025362","751189644",
"1935025037490499992","Wed Jun 18 06:40:14 +0000 2025","1","@Benedict_D18 @S_GraciaJKT48 @C_IndahJKT48 @RFritzy_JKT48 Selamat ulang tahun @Muhammadrizaa14","1935226028940738917","","Benedict_D18","in","","0","2","0","https://x.com/undefined/status/1935226028940738917","1487302398427435014",
"1935175990344610025","Wed Jun 18 06:31:21 +0000 2025","0","@Levi_JKT48 @Michie_JKT48 Kamu tim diobok-obok apa disedot zy? @RFritzy_JKT48 @Levi_JKT48 ","1935223792248447125","","Levi_JKT48","in","","0","0","0","https://x.com/undefined/status/1935223792248447125","1535914782707986432",
"1935220523585478692","Wed Jun 18 06:18:22 +0000 2025","394","16.06.2025 | Anak TK pulang drimanaa iniyy @RFritzy_JKT48 at CGK Airport. #DimSnapshot #JKT4IAirportFashion https://t.co/VcMHNnPChZ","1935220523585478692","https://pbs.twimg.com/media/GttIkyea4AAClwX.jpg","","in","","0","2","65","https://x.com/undefined/status/1935220523585478692","862586692133298177",
"1935219351524884932","Wed Jun 18 06:13:42 +0000 2025","175","Hari ini waktunya Temen Makan: Battle of the Bites! @RFritzy_JKT48 &amp; @AR_LanaJKT48 siap kasih aksi paling kocak demi dapetin makanan khas Italia Nantikan live eksklusif di IDN Live jam 16.00 WIB! Jangan lupa dukung tim favorit kalian! #TemenMakanJKT48 #SeruBarengIDNLive https://t.co/mkmVptDx0v","1935219351524884932","https://pbs.twimg.com/amplify_video_thumb/1935219198994825216/img/d2flhfv_SqqzR6s3.jpg","","in","","1","0","25","https://x.com/undefined/status/1935219351524884932","1499609241883406338",
"1934990713441472561","Wed Jun 18 06:10:16 +0000 2025","0","@RFritzy_JKT48 Semangat yaa dedek kacian amat ini ortunya mana ","1935218486311301143","","RFritzy_JKT48","in","","0","0","0","https://x.com/undefined/status/1935218486311301143","1703757729796599808",
"1934985365527609594","Wed Jun 18 05:45:07 +0000 2025","1","@freetzyonly @RFritzy_JKT48 Aduuh harus belajar lebih banyak sama sensei izy nih wkwkw","1935212157995729348","","freetzyonly","in","","0","0","0","https://x.com/undefined/status/1935212157995729348","1808662420120088578",
"1935212027225718918","Wed Jun 18 05:44:36 +0000 2025","1","Udah maksi belum kamu @RFritzy_JKT48 ?? Aku baru maksi sama nasgor tadi dibawain bekal sama ibuk hehe lumayan uang gak ngurang di sini juga di sediain air minum https://t.co/wyUZrwEiYe","1935212027225718918","https://pbs.twimg.com/media/GttBEmUa4AAkxFi.jpg","","in","","0","0","0","https://x.com/undefined/status/1935212027225718918","1923313321501155328",
"1935211307932000548","Wed Jun 18 05:41:44 +0000 2025","2","Baru kemarin ngobrol udh kangen lagi nih huhuhu @RFritzy_JKT48","1935211307932000548","","","in","","0","0","0","https://x.com/undefined/status/1935211307932000548","247135071",
"1335284910530052097","Wed Jun 18 05:41:14 +0000 2025","1","@A_FionyJKT48 @RFritzy_JKT48 harus liat ini ","1935211179577901145","","A_FionyJKT48","in","","0","0","0","https://x.com/undefined/status/1935211179577901145","1412598034253238276",
"1935168867694952583","Wed Jun 18 05:40:37 +0000 2025","0","@RFritzy_JKT48 berapa tuch streak nya?","1935211024451518846","","RFritzy_JKT48","in","","0","0","0","https://x.com/undefined/status/1935211024451518846","1870285690040397824",
"1933503708115186129","Wed Jun 18 05:27:41 +0000 2025","0","@jskoslanov @viiccc89 @aboutFiony @RFritzy_JKT48 @Freya_JKT48 Mumpung masih ada oshi","1935207770103640157","","jskoslanov","in","","0","0","0","https://x.com/undefined/status/1935207770103640157","1580435085547155456",
"1933503708115186129","Wed Jun 18 05:27:06 +0000 2025","0","@greshanity48 @viiccc89 @aboutFiony @RFritzy_JKT48 @Freya_JKT48 Gas lah...","1935207624301257205","","greshanity48","in","","0","1","0","https://x.com/undefined/status/1935207624301257205","2694465852",
"1935206197130576281","Wed Jun 18 05:21:26 +0000 2025","0","semangat zy @RFritzy_JKT48","1935206197130576281","","","in","","0","0","0","https://x.com/undefined/status/1935206197130576281","1763368594061336576",
"1935168867694952583","Wed Jun 18 05:13:28 +0000 2025","0","@RFritzy_JKT48 Nyalakan terus apinya ","1935204192211386583","","RFritzy_JKT48","in","","0","0","0","https://x.com/undefined/status/1935204192211386583","1339226908173561859",
